pid,name,status,cpu_percent,memory_percent,memory_mb,num_threads,nice,process_age,priority_class,user_time,system_time,total_cpu_time,io_intensity,read_bytes,write_bytes,total_io_bytes,io_operations,io_wait_ratio,voluntary_switches,involuntary_switches,total_ctx_switches,ctx_switch_rate,avg_cpu_burst,std_cpu_burst,min_cpu_burst,max_cpu_burst,burst_time_estimate,current_wait_time,total_wait_time,response_ratio,is_interactive,is_cpu_bound,is_io_bound,num_open_files,num_connections,num_ready_processes,collection_timestamp,system_cpu_percent,system_memory_percent,system_memory_available_mb,system_load_1min,system_load_5min,system_load_15min,timestamp
0,System Idle Process,running,0.0,4.85005803094434e-05,0.0078125,48,0,1759942360.0556135,3,0.0,7312799.671874999,7312799.671874999,0.0,0,0,0,0,0.0,1290979726,0,1290979726,0,0,0,0,0,0,0,0,1.0,0,0,0,0,19,341,1759942360.0686495,34.3,80.0,3221.23828125,0.0,0.0,0.0,1759942359.9449153
4,System,running,0.0,0.039212719180184985,6.31640625,460,0,1759942363.4834583,3,0.0,68449.328125,68449.328125,15.126454054045059,139980976,26481706323,26621687299,964718,0.013898022862155985,459220275,0,459220275,0,0,0,0,0,0,0,0,1.0,0,0,0,0,11,340,1759942363.4946215,34.3,80.0,3221.23828125,0.0,0.0,0.0,1759942359.9449153
236,,stopped,0.0,0.3988687724648625,64.25,0,0,1688045.383550644,3,0.0,0.0,0.0,0.0,0,0,0,0,0.0,0,0,0,0,0,0,0,0,0,0,0,1.0,0,0,0,0,0,341,1759942366.9963837,34.3,80.0,3221.23828125,0.0,0.0,0.0,1759942359.9449153
280,Registry,running,0.0,0.35184745985485716,56.67578125,4,0,1688048.6513302326,1,0.0,29.953125,29.953125,1270.4853158763872,54444032,2090196992,2144641024,211026,0.8757024078330437,289594,0,289594,0,0,0,0,0,0,0,0,1.0,1,0,1,0,0,340,1759942370.2802289,34.3,80.0,3221.23828125,0.0,0.0,0.0,1759942359.9449153
844,smss.exe,running,0.0,0.004001297875529081,0.64453125,2,0,1688049.9386584759,3,0.046875,0.3125,0.359375,2.2927224552821834,2796914,1073316,3870230,40,0.10015649452269171,875,0,875,0,0,0,0,0,0,0,0,1.0,0,0,0,0,0,338,1759942373.4902384,34.3,80.0,3221.23828125,0.0,0.0,0.0,1759942359.9449153
1248,csrss.exe,running,0.0,0.01920622980253959,3.09375,16,0,1688043.6596138477,3,13.453125,79.859375,93.3125,0.70930511375156,1197338,0,1197338,1516,0.01598675503672419,1728452,0,1728452,0,0,0,0,0,0,0,0,1.0,0,0,0,0,0,338,1759942376.6261044,34.3,80.0,3221.23828125,0.0,0.0,0.0,1759942359.9449153
1360,wininit.exe,running,0.0,0.013701413937417762,2.20703125,2,0,1688044.9512774944,3,1.59375,1.5,3.09375,0.014561223610424662,24580,0,24580,2,0.0006460469999192441,456,0,456,0,0,0,0,0,0,0,0,1.0,0,0,0,0,2,338,1759942379.762641,34.3,80.0,3221.23828125,0.0,0.0,0.0,1759942359.9449153
1436,services.exe,running,0.0,0.06096522944897036,9.8203125,9,0,1688047.7637190819,3,413.46875,540.140625,953.609375,0.6506545748327419,1003700,94636,1098336,241,0.0002526601721994396,165804,0,165804,0,0,0,0,0,0,0,0,1.0,0,0,0,0,2,338,1759942382.8359993,34.3,80.0,3221.23828125,0.0,0.0,0.0,1759942359.9449153
1456,LsaIso.exe,running,0.0,0.0067658309531673545,1.08984375,1,0,1688050.8812849522,3,0.71875,1.3125,2.03125,0.0,0,0,0,0,0.0,63,0,63,0,0,0,0,0,0,0,0,1.0,0,0,0,0,0,338,1759942385.984273,34.3,80.0,3221.23828125,0.0,0.0,0.0,1759942359.9449153
1464,lsass.exe,running,0.0,0.12898729333296474,20.77734375,11,0,1688054.0035619736,3,755.265625,829.0625,1584.328125,125.20149625191823,189876185,21470702,211346887,258862,0.14044237568818355,532271,0,532271,0,0,0,0,0,0,0,0,1.0,0,0,0,0,2,338,1759942389.1107705,34.3,80.0,3221.23828125,0.0,0.0,0.0,1759942359.9449153
1536,svchost.exe,running,0.0,0.01037912418622089,1.671875,1,0,1688022.775270462,3,0.40625,0.5,0.90625,0.0,0,0,0,0,0.0,31,0,31,0,0,0,0,0,0,0,0,1.0,0,0,0,0,0,338,1759942392.276807,34.3,80.0,3221.23828125,0.0,0.0,0.0,1759942359.9449153
1672,svchost.exe,running,0.0,0.272743013370155,43.93359375,21,0,1688060.1216125488,3,484.03125,558.9375,1042.96875,177.10269093639465,293536886,5423104,298959990,8646,0.008221642003404764,500719,0,500719,0,0,0,0,0,0,0,0,1.0,0,0,0,0,0,338,1759942395.4284258,34.3,80.0,3221.23828125,0.0,0.0,0.0,1759942359.9449153
1708,fontdrvhost.exe,running,0.0,0.005650317606050156,0.91015625,5,0,1688063.2306764126,3,0.09375,0.09375,0.1875,0.0,0,0,0,0,0.0,8067,0,8067,0,0,0,0,0,0,0,0,1.0,0,0,0,0,0,338,1759942398.5513458,34.3,80.0,3221.23828125,0.0,0.0,0.0,1759942359.9449153
1748,WUDFHost.exe,running,0.0,0.06443302094109556,10.37890625,19,0,1688066.315063715,3,18.953125,86.4375,105.390625,11.814698167972878,17050786,2893208,19943994,35011,0.24936321071782466,307875,0,307875,0,0,0,0,0,0,0,0,1.0,0,0,0,0,2,338,1759942401.6454186,34.3,80.0,3221.23828125,0.0,0.0,0.0,1759942359.9449153
1780,Code.exe,running,0.0,0.6526238086438705,105.125,24,32,11589.35694026947,1,3.84375,4.53125,8.375,1825.1144657132447,2091710,19060193,21151903,7208,0.462555348777514,83632,0,83632,0,0,0,0,0,0,0,0,1.0,1,0,0,9,0,338,1759942405.0865571,34.3,80.0,3221.23828125,0.0,0.0,0.0,1759942359.9449153
1848,svchost.exe,running,0.0,0.13905116374717424,22.3984375,13,0,1688072.841103077,3,953.484375,720.6875,1674.171875,3.8306546036096956,6401588,64836,6466424,2723,0.0016238346485494507,335295,0,335295,0,0,0,0,0,0,0,0,1.0,0,0,0,0,2,338,1759942408.2231424,34.3,80.0,3221.23828125,0.0,0.0,0.0,1759942359.9449153
1892,svchost.exe,running,0.0,0.033732153605217884,5.43359375,6,0,1688075.982806921,3,75.03125,113.0,188.03125,0.0020715892149506285,3497,0,3497,3,1.5954540196799253e-05,62275,0,62275,0,0,0,0,0,0,0,0,1.0,0,0,0,0,0,337,1759942411.3843625,34.3,80.0,3221.23828125,0.0,0.0,0.0,1759942359.9449153
1932,svchost.exe,running,0.0,0.009360611999722577,1.5078125,3,0,1688078.9968719482,3,58.84375,7.078125,65.921875,0.0,0,0,0,0,0.0,2765,0,2765,0,0,0,0,0,0,0,0,1.0,0,0,0,0,0,337,1759942414.5325584,34.3,80.0,3221.23828125,0.0,0.0,0.0,1759942359.9449153
1964,WUDFHost.exe,running,0.0,0.0435777714080349,7.01953125,11,0,1688082.2641763687,3,9.40625,10.46875,19.875,0.029486714632527805,49776,0,49776,24,0.0012060907583295642,377277,0,377277,0,0,0,0,0,0,0,0,1.0,0,0,0,0,2,337,1759942417.7375627,34.3,80.0,3221.23828125,0.0,0.0,0.0,1759942359.9449153
2136,WUDFHost.exe,running,0.0,0.015083680476236897,2.4296875,5,0,1688085.3512701988,3,0.421875,0.5625,0.984375,0.0,0,0,0,0,0.0,1536,0,1536,0,0,0,0,0,0,0,0,1.0,0,0,0,0,0,337,1759942421.2153935,34.3,80.0,3221.23828125,0.0,0.0,0.0,1759942359.9449153
2192,svchost.exe,running,0.0,0.038339708734615015,6.17578125,7,0,1688088.9481742382,3,30.390625,62.84375,93.234375,0.0,0,0,0,0,0.0,44582,0,44582,0,0,0,0,0,0,0,0,1.0,0,0,0,0,0,337,1759942424.5069745,34.3,80.0,3221.23828125,0.0,0.0,0.0,1759942359.9449153
2200,svchost.exe,running,0.0,0.07279937104447455,11.7265625,10,0,1688091.5613615513,3,64.578125,106.015625,170.59375,53.282576643800674,326,89945542,89945868,10030,0.05552979605395193,5397,0,5397,0,0,0,0,0,0,0,0,1.0,0,0,0,0,2,339,1759942427.1195302,34.3,80.0,3221.23828125,0.0,0.0,0.0,1759942359.9449153
2208,svchost.exe,running,0.0,0.03758794973981863,6.0546875,4,0,1688094.8305089474,3,3.640625,5.53125,9.171875,6.3621947096194695,163956,10576032,10739988,1857,0.168376194308123,85,0,85,0,0,0,0,0,0,0,0,1.0,0,0,0,0,0,339,1759942430.3881788,34.3,80.0,3221.23828125,0.0,0.0,0.0,1759942359.9449153
2216,svchost.exe,running,0.0,0.03603593116991644,5.8046875,3,0,1688098.0590479374,3,6.390625,5.796875,12.1875,0.0,0,0,0,0,0.0,865,0,865,0,0,0,0,0,0,0,0,1.0,0,0,0,0,0,339,1759942433.6180196,34.3,80.0,3221.23828125,0.0,0.0,0.0,1759942359.9449153
2244,svchost.exe,running,0.0,0.015495935408867166,2.49609375,4,0,1688101.3108406067,3,15.796875,16.171875,31.96875,0.0,0,0,0,0,0.0,771584,0,771584,0,0,0,0,0,0,0,0,1.0,0,0,0,0,0,338,1759942436.870227,34.3,80.0,3221.23828125,0.0,0.0,0.0,1759942359.9449153
2380,WUDFHost.exe,running,0.0,0.01665994933629381,2.68359375,5,0,1688104.4969449043,3,0.265625,0.3125,0.578125,0.0,0,0,0,0,0.0,852,0,852,0,0,0,0,0,0,0,0,1.0,0,0,0,0,0,338,1759942440.0690823,34.3,80.0,3221.23828125,0.0,0.0,0.0,1759942359.9449153
2388,IntelCpHDCPSvc.exe,running,0.0,0.012294897108443902,1.98046875,3,0,1688107.7640223503,3,0.125,0.1875,0.3125,1.8956135788245996e-05,16,16,32,2,0.006359300476947536,4550,0,4550,0,0,0,0,0,0,0,0,1.0,0,0,0,0,0,338,1759942443.3370261,34.3,80.0,3221.23828125,0.0,0.0,0.0,1759942359.9449153
2404,svchost.exe,running,0.0,0.0398917273045172,6.42578125,10,0,1688110.902367115,3,3.109375,2.65625,5.765625,0.0,0,0,0,0,0.0,2494,0,2494,0,0,0,0,0,0,0,0,1.0,0,0,0,0,0,338,1759942446.4771543,34.3,80.0,3221.23828125,0.0,0.0,0.0,1759942359.9449153
2412,Locator.exe,running,0.0,0.005189562093110445,0.8359375,2,0,1687787.8430173397,3,0.046875,0.015625,0.0625,0.000969908633228129,1637,0,1637,1,0.015748031496062992,28,0,28,0,0,0,0,0,0,0,0,1.0,0,0,0,0,0,337,1759942449.6461456,34.3,80.0,3221.23828125,0.0,0.0,0.0,1759942359.9449153
2428,svchost.exe,running,0.0,0.10439749911607692,16.81640625,7,0,1688117.2119309902,3,104.5,100.015625,204.515625,0.0,0,0,0,0,0.0,233,0,233,0,0,0,0,0,0,0,0,1.0,0,0,0,0,0,337,1759942452.7881927,34.3,80.0,3221.23828125,0.0,0.0,0.0,1759942359.9449153
2460,svchost.exe,running,0.0,0.01595669092180688,2.5703125,8,0,1688120.34005785,3,1.1875,2.078125,3.265625,0.0004549438696850733,768,0,768,469,0.12558155102587273,9419,0,9419,0,0,0,0,0,0,0,0,1.0,0,0,0,0,0,337,1759942455.9193046,34.3,80.0,3221.23828125,0.0,0.0,0.0,1759942359.9449153
2584,svchost.exe,running,0.0,0.05288988282744803,8.51953125,7,0,1688123.4594080448,3,4530.8125,3837.40625,8368.21875,0.0,0,0,0,0,0.0,1611416,0,1611416,0,0,0,0,0,0,0,0,1.0,0,0,0,0,0,337,1759942459.044435,34.3,80.0,3221.23828125,0.0,0.0,0.0,1759942359.9449153
2632,Code.exe,running,0.0,0.06331750759397836,10.19921875,7,32,120605.33928227425,1,0.171875,0.375,0.546875,1.2897687691581505,155217,336,155553,192,0.25985450854339365,1196,0,1196,0,0,0,0,0,0,0,0,1.0,1,0,0,2,0,336,1759942462.4150844,34.3,80.0,3221.23828125,0.0,0.0,0.0,1759942359.9449153
2724,svchost.exe,running,0.0,0.17848213553875172,28.75,19,0,1688129.929355383,3,400.890625,516.125,917.015625,1.4398571802634625,2430506,160,2430666,125106,0.12004932725582775,705067,0,705067,0,0,0,0,0,0,0,0,1.0,0,0,0,0,0,336,1759942465.5283587,34.3,80.0,3221.23828125,0.0,0.0,0.0,1759942359.9449153
2772,svchost.exe,running,0.0,0.12496174516728094,20.12890625,14,0,1687995.0646686554,3,383.21875,1784.65625,2167.875,2268.028992579726,1335057714,2493364032,3828421746,4745,0.0021839990426305565,2194396,0,2194396,0,0,0,0,0,0,0,0,1.0,0,0,0,0,3,336,1759942468.6484613,34.3,80.0,3221.23828125,0.0,0.0,0.0,1759942359.9449153
2820,cmd.exe,running,0.0,0.027669581066537458,4.45703125,1,32,17795.378597974777,3,0.0,0.0,0.0,0.0,0,0,0,0,0.0,62,0,62,0,0,0,0,0,0,0,0,1.0,0,0,0,0,0,336,1759942472.002171,34.3,80.0,3221.23828125,0.0,0.0,0.0,1759942359.9449153
2996,svchost.exe,running,0.0,0.046972812029695936,7.56640625,11,0,1688139.4531152248,3,1368.125,1471.84375,2839.96875,0.24324767674982584,410636,0,410636,1255,0.00044171107608121323,393579,0,393579,0,0,0,0,0,0,0,0,1.0,0,0,0,0,6,336,1759942475.131587,34.3,80.0,3221.23828125,0.0,0.0,0.0,1759942359.9449153
3008,msedgewebview2.exe,running,0.0,0.06164423757330257,9.9296875,50,32,121413.60106253624,1,5.296875,13.375,18.671875,641.5375816081812,51959047,25932341,77891388,33458,0.6418200695858182,98509,0,98509,0,0,0,0,0,0,0,0,1.0,1,0,1,102,0,336,1759942478.967958,34.3,80.0,3221.23828125,0.0,0.0,0.0,1759942359.9449153
3056,NVDisplay.Container.exe,running,0.0,0.20076815219094096,32.33984375,39,0,1688146.536041975,3,1291.734375,2281.140625,3572.875,2431.695031418724,381292785,3723764759,4105057544,540842,0.13147282615697678,13197047,0,13197047,0,0,0,0,0,0,0,0,1.0,0,0,0,0,2,337,1759942482.2577398,34.3,80.0,3221.23828125,0.0,0.0,0.0,1759942359.9449153
3064,svchost.exe,running,0.0,0.02366828319100838,3.8125,2,0,1575705.6729972363,3,1.8125,2.34375,4.15625,0.0,0,0,0,0,0.0,505,0,505,0,0,0,0,0,0,0,0,1.0,0,0,0,0,0,336,1759942486.4389286,34.3,80.0,3221.23828125,0.0,0.0,0.0,1759942359.9449153
3068,uihost.exe,running,0.0,0.1928868078906564,31.0703125,66,32,121491.66941475868,3,12.140625,93.0625,105.203125,2068.6427078552397,237006014,14316842,251322856,26935,0.20383973209851433,1590271,0,1590271,0,0,0,0,0,0,0,0,1.0,0,0,0,2,0,336,1759942492.087526,34.3,80.0,3221.23828125,0.0,0.0,0.0,1759942359.9449153
3152,dasHost.exe,running,0.0,0.006596078922084303,1.0625,1,0,479642.6603345871,3,0.0,0.046875,0.046875,0.0,0,0,0,0,0.0,231,0,231,0,0,0,0,0,0,0,0,1.0,0,0,0,0,0,336,1759942497.2834854,34.3,80.0,3221.23828125,0.0,0.0,0.0,1759942359.9449153
3156,svchost.exe,running,0.0,0.14217945117713332,22.90234375,7,0,1688163.725837469,3,1659.375,3085.765625,4745.140625,1600.7313891663184,2639409695,62886971,2702296666,70994,0.014740867008052126,37260,0,37260,0,0,0,0,0,0,0,0,1.0,0,0,0,0,0,335,1759942502.1583254,34.3,80.0,3221.23828125,0.0,0.0,0.0,1759942359.9449153
3196,WUDFHost.exe,running,0.0,0.012003893626587242,1.93359375,5,0,1688170.8682994843,3,0.03125,0.0625,0.09375,0.0,0,0,0,0,0.0,1210,0,1210,0,0,0,0,0,0,0,0,1.0,0,0,0,0,0,335,1759942506.9846308,34.3,80.0,3221.23828125,0.0,0.0,0.0,1759942359.9449153
3224,msedge.exe,running,0.0,0.21294179784861125,34.30078125,23,32,41953.998579740524,1,1.75,1.859375,3.609375,168.36833768238372,2098254,4965471,7063725,4379,0.5481715618007417,17852,0,17852,0,0,0,0,0,0,0,0,1.0,1,0,1,18,0,335,1759942512.6636963,34.3,80.0,3221.23828125,0.0,0.0,0.0,1759942359.9449153
3316,svchost.exe,running,0.0,0.09976569369652508,16.0703125,12,0,1688180.960481882,1,80.515625,78.03125,158.546875,6520.621441470249,7538062832,3469926136,11007988968,275783,0.6349620780748734,323767,0,323767,0,0,0,0,0,0,0,0,1.0,1,0,1,0,2,335,1759942517.0831645,34.3,80.0,3221.23828125,0.0,0.0,0.0,1759942359.9449153
3336,svchost.exe,running,0.0,0.03135562517005516,5.05078125,6,0,1688183.9376592636,3,92.921875,111.046875,203.96875,0.0,0,0,0,0,0.0,79557,0,79557,0,0,0,0,0,0,0,0,1.0,0,0,0,0,0,335,1759942520.0618978,34.3,80.0,3221.23828125,0.0,0.0,0.0,1759942359.9449153
3392,svchost.exe,running,0.0,0.05424789907611245,8.73828125,5,0,1688187.009618044,3,194.078125,2145.671875,2339.75,304.10598652583826,14051559,499336217,513387776,28739,0.012133896336440658,1390777,0,1390777,0,0,0,0,0,0,0,0,1.0,0,0,0,0,0,335,1759942523.1427288,34.3,80.0,3221.23828125,0.0,0.0,0.0,1759942359.9449153
3400,svchost.exe,running,0.0,0.011567388403802252,1.86328125,4,0,1688190.0771801472,3,3.984375,5.390625,9.375,0.0,0,0,0,0,0.0,66776,0,66776,0,0,0,0,0,0,0,0,1.0,0,0,0,0,0,335,1759942526.2115703,34.3,80.0,3221.23828125,0.0,0.0,0.0,1759942359.9449153
3408,svchost.exe,running,0.0,0.03412015824769343,5.49609375,8,0,1688193.1198146343,3,3.640625,3.359375,7.0,0.0004466313664889181,754,0,754,35,0.004975124378109453,10342,0,10342,0,0,0,0,0,0,0,0,1.0,0,0,0,0,0,335,1759942529.2527928,34.3,80.0,3221.23828125,0.0,0.0,0.0,1759942359.9449153
3480,svchost.exe,running,0.0,0.028542591512107442,4.59765625,8,0,1688196.1362888813,3,4.59375,4.984375,9.578125,0.0002855118487947546,482,0,482,21,0.002187699399684867,741,0,741,0,0,0,0,0,0,0,0,1.0,0,0,0,0,0,335,1759942532.2810988,34.3,80.0,3221.23828125,0.0,0.0,0.0,1759942359.9449153
3532,MemCompression,running,0.0,6.549397113536464,1054.98046875,106,0,1688199.1968824863,3,0.0,4560.59375,4560.59375,0.0,0,0,0,0,0.0,24786303,0,24786303,0,0,0,0,0,0,0,0,1.0,0,0,0,0,0,335,1759942535.3500314,34.3,80.0,3221.23828125,0.0,0.0,0.0,1759942359.9449153
3576,svchost.exe,running,0.0,0.03033711298355685,4.88671875,7,0,1688202.404246807,3,72.59375,138.21875,210.8125,0.0,0,0,0,0,0.0,2814,0,2814,0,0,0,0,0,0,0,0,1.0,0,0,0,0,0,335,1759942538.5598128,34.3,80.0,3221.23828125,0.0,0.0,0.0,1759942359.9449153
3584,svchost.exe,running,0.0,0.04103149094178912,6.609375,3,0,1688205.6703715324,1,3.109375,3.5,6.609375,0.183283355476412,309420,0,309420,14985,0.6939307111226882,1291,0,1291,0,0,0,0,0,0,0,0,1.0,1,0,1,0,0,335,1759942541.8273416,34.3,80.0,3221.23828125,0.0,0.0,0.0,1759942359.9449153
3664,svchost.exe,running,0.0,0.04054648513869469,6.53125,3,0,1688208.7004323006,3,6.546875,17.359375,23.90625,0.010779472937996368,0,18198,18198,128,0.0053257330684335896,28998,0,28998,0,0,0,0,0,0,0,0,1.0,0,0,0,0,0,335,1759942544.866822,34.3,80.0,3221.23828125,0.0,0.0,0.0,1759942359.9449153
3672,svchost.exe,running,0.0,0.031064621688198502,5.00390625,9,0,1688211.732455492,3,12.703125,6.453125,19.15625,0.0,0,0,0,0,0.0,35114,0,35114,0,0,0,0,0,0,0,0,1.0,0,0,0,0,0,335,1759942547.8992076,34.3,80.0,3221.23828125,0.0,0.0,0.0,1759942359.9449153
3768,svchost.exe,running,0.0,0.07284787162478398,11.734375,9,0,1688214.7366831303,3,42.390625,84.25,126.640625,0.0,0,0,0,0,0.0,51138,0,51138,0,0,0,0,0,0,0,0,1.0,0,0,0,0,0,335,1759942550.9474082,34.3,80.0,3221.23828125,0.0,0.0,0.0,1759942359.9449153
3792,mongod.exe,running,0.0,0.13963317071088754,22.4921875,34,0,1688217.2902338505,3,2909.140625,5338.140625,8247.28125,1480.8928314279333,887141848,1612927035,2500068883,185542,0.022002358462807816,37550538,0,37550538,0,0,0,0,0,0,0,0,1.0,0,0,0,0,1,335,1759942554.014274,34.3,80.0,3221.23828125,0.0,0.0,0.0,1759942359.9449153
3800,svchost.exe,running,0.0,0.020903750113370107,3.3671875,4,0,1688220.8225240707,3,2.046875,2.4375,4.484375,0.0,0,0,0,0,0.0,8397,0,8397,0,0,0,0,0,0,0,0,1.0,0,0,0,0,0,335,1759942557.0544004,34.3,80.0,3221.23828125,0.0,0.0,0.0,1759942359.9449153
3932,svchost.exe,running,0.0,0.2383561019307596,38.39453125,4,0,1688223.870257616,1,1237.234375,326.734375,1563.96875,1504.251053275583,2292806183,246706352,2539512535,680036,0.30304570433730144,255,0,255,0,0,0,0,0,0,0,0,1.0,1,0,0,0,0,335,1759942560.147887,34.3,80.0,3221.23828125,0.0,0.0,0.0,1759942359.9449153
4008,LenovoVantage-(LenovoGamingSystemAddin).exe,running,0.0,0.0865977861425112,13.94921875,38,0,1688201.904424429,3,367.859375,344.96875,712.828125,0.8252312690495271,1392942,215,1393157,810,0.0011350290457085655,1100320,0,1100320,0,0,0,0,0,0,0,0,1.0,0,0,0,0,0,335,1759942563.1948538,34.3,80.0,3221.23828125,0.0,0.0,0.0,1759942359.9449153
4104,nvcontainer.exe,running,0.0,0.15175831578824842,24.4453125,34,0,1688229.4820051193,1,189.09375,208.921875,398.015625,143.9388647042139,32188394,210813441,243001835,173127,0.3031239351116545,9465631,0,9465631,0,0,0,0,0,0,0,0,1.0,1,0,0,0,0,335,1759942566.2064989,34.3,80.0,3221.23828125,0.0,0.0,0.0,1759942359.9449153
4144,svchost.exe,running,0.0,0.028809344703809383,4.640625,4,0,1688232.7748146057,3,3.4375,3.234375,6.671875,0.0,0,0,0,0,0.0,43,0,43,0,0,0,0,0,0,0,0,1.0,0,0,0,0,0,335,1759942569.2417853,34.3,80.0,3221.23828125,0.0,0.0,0.0,1759942359.9449153
4244,svchost.exe,running,0.0,0.04486303678623515,7.2265625,4,0,1688235.7926549911,3,42.140625,20.25,62.390625,0.0,0,0,0,0,0.0,21341,0,21341,0,0,0,0,0,0,0,0,1.0,0,0,0,0,0,335,1759942572.2692518,34.3,80.0,3221.23828125,0.0,0.0,0.0,1759942359.9449153
4252,svchost.exe,running,0.0,0.04403852692097461,7.09375,11,0,1688238.9059579372,3,1606.546875,2357.109375,3963.65625,0.0,0,0,0,0,0.0,932560,0,932560,0,0,0,0,0,0,0,0,1.0,0,0,0,0,0,336,1759942575.3827095,34.3,80.0,3221.23828125,0.0,0.0,0.0,1759942359.9449153
4416,svchost.exe,running,0.0,0.1011237099451895,16.2890625,14,0,1688242.4845297337,3,84.03125,67.125,151.15625,70.44622978619596,118490671,439647,118930318,60991,0.2874937101470795,233784,0,233784,0,0,0,0,0,0,0,0,1.0,0,0,0,0,0,342,1759942579.005942,34.3,80.0,3221.23828125,0.0,0.0,0.0,1759942359.9449153
4444,svchost.exe,running,0.0,0.042268255739679926,6.80859375,6,0,1688245.63183856,3,5.828125,11.90625,17.734375,22.049189583544926,37224448,0,37224448,72,0.0040434956581561375,150074,0,150074,0,0,0,0,0,0,0,0,1.0,0,0,0,0,0,342,1759942582.1612277,34.3,80.0,3221.23828125,0.0,0.0,0.0,1759942359.9449153
4548,spoolsv.exe,running,0.0,0.048888584951918945,7.875,7,0,1688248.7294654846,1,3.53125,5.328125,8.859375,8.435019527311386,7819234,6421177,14240411,4679,0.34561016370133046,2264,0,2264,0,0,0,0,0,0,0,0,1.0,1,0,0,0,2,340,1759942585.3506389,34.3,80.0,3221.23828125,0.0,0.0,0.0,1759942359.9449153
4608,svchost.exe,running,0.0,0.11339435676347867,18.265625,13,0,1688251.87286067,3,75.796875,75.859375,151.65625,0.019736391551303713,232,33088,33320,5,3.296821040311879e-05,99333,0,99333,0,0,0,0,0,0,0,0,1.0,0,0,0,0,0,340,1759942588.5089645,34.3,80.0,3221.23828125,0.0,0.0,0.0,1759942359.9449153
4648,mysqld.exe,running,0.0,0.020321743149656787,3.2734375,3,0,1688254.7425386906,3,0.046875,0.0625,0.109375,3.790897095527234e-05,64,0,64,2,0.017957351290684626,427,0,427,0,0,0,0,0,0,0,0,1.0,0,0,0,0,0,340,1759942591.4719448,34.3,80.0,3221.23828125,0.0,0.0,0.0,1759942359.9449153
4716,svchost.exe,running,0.0,0.02155850794754759,3.47265625,6,0,1688257.8327801228,1,145.203125,174.203125,319.40625,77.0422345891404,69112552,60954604,130067156,1447978,0.8192774151970631,9789,0,9789,0,0,0,0,0,0,0,0,1.0,1,0,1,0,0,340,1759942594.5340376,34.3,80.0,3221.23828125,0.0,0.0,0.0,1759942359.9449153
4724,svchost.exe,running,0.0,0.012222146237979736,1.96875,2,0,1688260.9232547283,3,1.375,1.484375,2.859375,0.0,0,0,0,0,0.0,37,0,37,0,0,0,0,0,0,0,0,1.0,0,0,0,0,0,340,1759942597.6246264,34.3,80.0,3221.23828125,0.0,0.0,0.0,1759942359.9449153
4852,svchost.exe,running,0.0,0.3662763824969166,59.0,20,0,1688264.0706529617,1,2175.75,1759.140625,3934.890625,24911.228901373186,36693377506,5363355204,42056732710,9595697,0.7091855332484128,852515,0,852515,0,0,0,0,0,0,0,0,1.0,1,0,1,0,0,340,1759942600.7832773,34.3,80.0,3221.23828125,0.0,0.0,0.0,1759942359.9449153
4864,FMService64.exe,running,0.0,0.03428991027877649,5.5234375,7,0,1688267.205422163,3,9.609375,33.453125,43.0625,0.43761793016364015,738816,0,738816,104,0.0024092757114892336,8745,0,8745,0,0,0,0,0,0,0,0,1.0,0,0,0,0,0,340,1759942603.9194539,34.3,80.0,3221.23828125,0.0,0.0,0.0,1759942359.9449153
4876,conhost.exe,running,0.0,0.010791379118851157,1.73828125,4,0,1688253.64514637,3,42.3125,62.0625,104.375,0.0009027079576468918,1524,0,1524,11,0.0001053781158392888,2637788,0,2637788,0,0,0,0,0,0,0,0,1.0,0,0,0,0,0,339,1759942607.0518656,34.3,80.0,3221.23828125,0.0,0.0,0.0,1759942359.9449153
4880,svchost.exe,running,0.0,0.11497062562353558,18.51953125,8,0,1688273.420825243,1,110.1875,126.28125,236.46875,533.7884668938843,107975715,793205166,901180881,257434,0.5212240668836122,81963,0,81963,0,0,0,0,0,0,0,0,1.0,1,0,1,0,0,339,1759942610.1334138,34.3,80.0,3221.23828125,0.0,0.0,0.0,1759942359.9449153
4888,conhost.exe,running,0.0,0.010936880859779487,1.76171875,4,0,1688187.1644618511,3,43.5625,68.359375,111.921875,0.0009027435062188798,1524,0,1524,11,9.82731838166401e-05,2343369,0,2343369,0,0,0,0,0,0,0,0,1.0,0,0,0,0,0,339,1759942613.2350707,34.3,80.0,3221.23828125,0.0,0.0,0.0,1759942359.9449153
4892,svchost.exe,running,0.0,0.03470216521140675,5.58984375,7,0,1688279.6325571537,3,30.046875,62.921875,92.96875,0.0,0,0,0,0,0.0,22448,0,22448,0,0,0,0,0,0,0,0,1.0,0,0,0,0,0,338,1759942616.3441846,34.3,80.0,3221.23828125,0.0,0.0,0.0,1759942359.9449153
4900,svchost.exe,running,0.0,0.3324229774409251,53.546875,13,0,1688282.7209498882,3,443.484375,346.15625,789.640625,1157.0589503521799,1704569386,248873247,1953442633,82241,0.09432587824063846,1220477,0,1220477,0,0,0,0,0,0,0,0,1.0,0,0,0,0,0,338,1759942619.4332154,34.3,80.0,3221.23828125,0.0,0.0,0.0,1759942359.9449153
4920,OneApp.IGCC.WinService.exe,running,0.0,0.05402964646471995,8.703125,6,0,1688285.7767961025,3,20.6875,24.671875,45.359375,0.121618035774519,180464,24862,205326,506,0.011032287428152501,49396,0,49396,0,0,0,0,0,0,0,0,1.0,0,0,0,0,0,338,1759942622.4899478,34.3,80.0,3221.23828125,0.0,0.0,0.0,1759942359.9449153
4932,svchost.exe,running,0.0,0.044135528081593496,7.109375,6,0,1688288.8328046799,3,5.421875,6.296875,11.71875,0.00016347913617452138,116,160,276,2,0.00017063754452573428,3698,0,3698,0,0,0,0,0,0,0,0,1.0,0,0,0,0,1,338,1759942625.5481312,34.3,80.0,3221.23828125,0.0,0.0,0.0,1759942359.9449153
4940,Lenovo.Modern.ImController.exe,running,0.0,0.18490846242975298,29.78515625,30,0,1688291.8617429733,3,125.65625,168.125,293.78125,2.2743206237077516,2302856,1536861,3839717,12505,0.04082782038044477,99886,0,99886,0,0,0,0,0,0,0,0,1.0,0,0,0,0,0,338,1759942628.5765848,34.3,80.0,3221.23828125,0.0,0.0,0.0,1759942359.9449153
4968,conhost.exe,running,0.0,0.007153835595642902,1.15234375,2,0,1688278.2221558094,3,0.078125,0.0625,0.140625,0.0,0,0,0,0,0.0,911,0,911,0,0,0,0,0,0,0,0,1.0,0,0,0,0,0,338,1759942631.64255,34.3,80.0,3221.23828125,0.0,0.0,0.0,1759942359.9449153
4972,IntelAudioService.exe,running,0.0,0.04787007276542064,7.7109375,7,0,1688297.9760460854,3,2.65625,3.890625,6.546875,0.09844115337342756,166198,0,166198,65,0.009830796861707156,5385,0,5385,0,0,0,0,0,0,0,0,1.0,0,0,0,0,0,338,1759942634.6913874,34.3,80.0,3221.23828125,0.0,0.0,0.0,1759942359.9449153
4980,jhi_service.exe,running,0.0,0.009215110258794247,1.484375,2,0,1688301.0255453587,3,0.078125,0.03125,0.109375,0.0,0,0,0,0,0.0,71,0,71,0,0,0,0,0,0,0,0,1.0,0,0,0,0,1,337,1759942637.7415164,34.3,80.0,3221.23828125,0.0,0.0,0.0,1759942359.9449153
4988,LenovoVantageService.exe,running,0.0,0.2921189952037776,47.0546875,23,0,1688304.1298077106,1,1216.28125,678.53125,1894.8125,1341.3847937799774,2260502372,4163115,2264665487,3365896,0.6398180017007215,1774668,0,1774668,0,0,0,0,0,0,0,0,1.0,1,0,1,0,0,339,1759942640.8455598,34.3,80.0,3221.23828125,0.0,0.0,0.0,1759942359.9449153
5020,LenovoUtilityService.exe,running,0.0,0.05917070797752095,9.53125,6,0,1688307.3056423664,3,29.453125,34.296875,63.75,299.57937119010467,490786585,14995456,505782041,3955,0.058415183516726976,887163,0,887163,0,0,0,0,0,0,0,0,1.0,0,0,0,0,0,339,1759942644.0216267,34.3,80.0,3221.23828125,0.0,0.0,0.0,1759942359.9449153
5040,NahimicService.exe,running,0.0,0.11785641015194746,18.984375,24,0,1688310.5386710167,3,162.75,230.125,392.875,332.5206537192585,561366016,32108,561398124,4759,0.011968292449840809,582424,0,582424,0,0,0,0,0,0,0,0,1.0,0,0,0,0,1,338,1759942647.2604299,34.3,80.0,3221.23828125,0.0,0.0,0.0,1759942359.9449153
5068,ipfsvc.exe,running,0.0,0.013725664227572484,2.2109375,8,0,1688314.0398328304,3,0.328125,0.578125,0.90625,0.0,0,0,0,0,0.0,24235,0,24235,0,0,0,0,0,0,0,0,1.0,0,0,0,0,2,336,1759942650.762448,34.3,80.0,3221.23828125,0.0,0.0,0.0,1759942359.9449153
5092,MpDefenderCoreService.exe,running,0.0,0.12430698733310343,20.0234375,8,0,1688316.7288005352,3,22.140625,43.390625,65.53125,41.776410075678946,69792841,738971,70531812,12340,0.15846669984108383,1878,0,1878,0,0,0,0,0,0,0,0,1.0,0,0,0,0,0,336,1759942653.4516249,34.3,80.0,3221.23828125,0.0,0.0,0.0,1759942359.9449153
5156,pg_ctl.exe,running,0.0,0.009724366352043403,1.56640625,2,0,1688319.928417921,3,0.109375,0.078125,0.1875,0.0010525256321917485,1777,0,1777,27,0.1258741258741259,196,0,196,0,0,0,0,0,0,0,0,1.0,0,0,0,0,0,335,1759942656.6590025,34.3,80.0,3221.23828125,0.0,0.0,0.0,1759942359.9449153
5228,RtkBtManServ.exe,running,0.0,0.026869321491431647,4.328125,9,0,1688323.1261415482,3,67.3125,373.78125,441.09375,0.11315428725815085,0,191041,191041,1518,0.0034296423445604415,18606,0,18606,0,0,0,0,0,0,0,0,1.0,0,0,0,0,0,334,1759942659.8606334,34.3,80.0,3221.23828125,0.0,0.0,0.0,1759942359.9449153
5256,RtkAudUService64.exe,running,0.0,0.035235671594810634,5.67578125,33,0,1688326.76918149,3,4.28125,11.578125,15.859375,24.156385330413404,0,40783872,40783872,764,0.04595937948822065,63470,0,63470,0,0,0,0,0,0,0,0,1.0,0,0,0,0,0,340,1759942663.511153,34.3,80.0,3221.23828125,0.0,0.0,0.0,1759942359.9449153
5276,svchost.exe,running,0.0,0.01210089478720613,1.94921875,3,0,1688331.8365969658,3,0.0625,0.078125,0.140625,0.000606515838772545,1024,0,1024,2,0.014022787028921999,9953,0,9953,0,0,0,0,0,0,0,0,1.0,0,0,0,0,0,341,1759942668.5793421,34.3,80.0,3221.23828125,0.0,0.0,0.0,1759942359.9449153
5292,svchost.exe,running,0.0,0.10762278770665491,17.3359375,16,0,1688319.4728052616,1,29.28125,34.328125,63.609375,361.81800177013054,6144696,604719682,610864378,32579,0.3386999728397532,27285,0,27285,0,0,0,0,0,0,0,0,1.0,1,0,0,0,0,339,1759942674.0028708,34.3,80.0,3221.23828125,0.0,0.0,0.0,1759942359.9449153
5328,UDClientService.exe,running,0.0,0.15471685118712447,24.921875,40,0,1688342.8705275059,3,1392.921875,1833.984375,3226.90625,383.498198916019,564096675,83379775,647476450,116229,0.0347664665974851,3854274,0,3854274,0,0,0,0,0,0,0,0,1.0,0,0,0,0,0,338,1759942679.6121051,34.3,80.0,3221.23828125,0.0,0.0,0.0,1759942359.9449153
5344,MsMpEng.exe,running,0.0,1.4452930429312587,232.80859375,75,0,1688348.2476682663,3,17371.140625,4404.03125,21775.171875,47258.9598959784,68205250200,11584331927,79789582127,2517727,0.10364045118514083,15364578,0,15364578,0,0,0,0,0,0,0,0,1.0,0,0,0,0,0,338,1759942684.9961715,34.3,80.0,3221.23828125,0.0,0.0,0.0,1759942359.9449153
5396,svchost.exe,running,0.0,0.19359006630514333,31.18359375,20,0,1688353.3912360668,3,802.734375,695.4375,1498.171875,626.4686217295083,1038056934,19643488,1057700422,127664,0.07852207099317451,735880,0,735880,0,0,0,0,0,0,0,0,1.0,0,0,0,0,0,338,1759942690.1376984,34.3,80.0,3221.23828125,0.0,0.0,0.0,1759942359.9449153
5408,WMIRegistrationService.exe,running,0.0,0.014792676994380237,2.3828125,2,0,1688358.2055385113,3,0.1875,0.21875,0.40625,0.0,0,0,0,0,0.0,312,0,312,0,0,0,0,0,0,0,0,1.0,0,0,0,0,0,338,1759942694.96039,34.3,80.0,3221.23828125,0.0,0.0,0.0,1759942359.9449153
5456,svchost.exe,running,0.0,0.09634640278470931,15.51953125,8,0,1688363.0154674053,1,15.875,18.09375,33.96875,8.260722292675249,2408098,11539000,13947098,44686,0.568128434709919,139468,0,139468,0,0,0,0,0,0,0,0,1.0,1,0,1,0,1,338,1759942699.7667418,34.3,80.0,3221.23828125,0.0,0.0,0.0,1759942359.9449153
5484,svchost.exe,running,0.0,0.013022405813085553,2.09765625,2,0,1688368.195491314,3,1.359375,1.5,2.859375,0.0,0,0,0,0,0.0,61,0,61,0,0,0,0,0,0,0,0,1.0,0,0,0,0,0,339,1759942704.9570932,34.3,80.0,3221.23828125,0.0,0.0,0.0,1759942359.9449153
5544,ipf_uf.exe,running,0.0,0.017581460362173236,2.83203125,5,0,1688373.3447730541,1,2.25,2.609375,4.859375,0.22247212156176815,1216,374400,375616,5086,0.5113934869223131,10399,0,10399,0,0,0,0,0,0,0,0,1.0,1,0,1,0,0,337,1759942710.110464,34.3,80.0,3221.23828125,0.0,0.0,0.0,1759942359.9449153
5564,wslservice.exe,running,0.0,0.04898558611253783,7.890625,5,0,1688377.6713724136,1,7.375,7.453125,14.828125,0.1518244432785196,198333,58004,256337,6852,0.31604983827353395,1420,0,1420,0,0,0,0,0,0,0,0,1.0,1,0,0,0,0,337,1759942714.4390924,34.3,80.0,3221.23828125,0.0,0.0,0.0,1759942359.9449153
5716,svchost.exe,running,0.0,0.10776828944758324,17.359375,4,0,85647.8783416748,3,24.5,4.421875,28.921875,0.07661602513750819,6562,0,6562,1,3.457470946439453e-05,519,0,519,0,0,0,0,0,0,0,0,1.0,0,0,0,0,0,337,1759942717.5326846,34.3,80.0,3221.23828125,0.0,0.0,0.0,1759942359.9449153
5764,svchost.exe,running,0.0,0.03353815128398011,5.40234375,4,0,1688383.9052340984,3,45.6875,123.203125,168.890625,0.01902766302166666,1360,30766,32126,73,0.00043204565479700144,17784,0,17784,0,0,0,0,0,0,0,0,1.0,0,0,0,0,4,337,1759942720.7056253,34.3,80.0,3221.23828125,0.0,0.0,0.0,1759942359.9449153
5788,FileCoAuth.exe,running,0.0,0.2640856597849193,42.5390625,6,32,1552.3226609230042,1,0.140625,0.6875,0.828125,211.7182260320694,260872,67783,328655,1490,0.6427608519816662,1834,0,1834,0,0,0,0,0,0,0,0,1.0,1,0,1,8,0,337,1759942724.770572,34.3,80.0,3221.23828125,0.0,0.0,0.0,1759942359.9449153
6076,OfficeClickToRun.exe,running,0.0,0.183162441538613,29.50390625,19,0,393789.1573932171,1,30.25,26.59375,56.84375,5149.762627859825,2010034946,17885740,2027920686,38801,0.4056783043502126,81287,0,81287,0,0,0,0,0,0,0,0,1.0,1,0,0,0,0,337,1759942728.2393732,34.3,80.0,3221.23828125,0.0,0.0,0.0,1759942359.9449153
6256,svchost.exe,running,0.0,0.06297800353181227,10.14453125,11,0,1687894.468174696,3,140.71875,167.75,308.46875,0.003484222568938072,5881,0,5881,1,3.2418089618187846e-06,62188,0,62188,0,0,0,0,0,0,0,0,1.0,0,0,0,0,0,337,1759942731.41152,34.3,80.0,3221.23828125,0.0,0.0,0.0,1759942359.9449153
6284,svchost.exe,running,0.0,0.05429639965642189,8.74609375,8,0,1576506.601470232,3,41.5,85.5625,127.0625,0.0,0,0,0,0,0.0,19056,0,19056,0,0,0,0,0,0,0,0,1.0,0,0,0,0,0,336,1759942734.6671882,34.3,80.0,3221.23828125,0.0,0.0,0.0,1759942359.9449153
6372,msedgewebview2.exe,running,0.0,0.031064621688198502,5.00390625,7,32,121673.07100462914,1,0.078125,0.09375,0.171875,0.06255287170084196,7527,84,7611,22,0.11347517730496454,755,0,755,0,0,0,0,0,0,0,0,1.0,1,0,0,1,0,336,1759942738.1566334,34.3,80.0,3221.23828125,0.0,0.0,0.0,1759942359.9449153
6384,svchost.exe,running,0.0,0.18376869879248106,29.6015625,5,32,121740.56457400322,1,40.0,55.53125,95.53125,49678.9017297813,210940882,5836996662,6047937544,2835427,0.9674061375661015,760,0,760,0,0,0,0,0,0,0,0,1.0,1,0,1,8,0,336,1759942741.622417,34.3,80.0,3221.23828125,0.0,0.0,0.0,1759942359.9449153
6480,mysqld.exe,running,0.0,0.022261766362034523,3.5859375,39,0,1688407.6976065636,3,1923.9375,735.8125,2659.75,95.12493648760041,39703196,120906479,160609675,4436,0.0016650489117501555,62251037,0,62251037,0,0,0,0,0,0,0,0,1.0,0,0,0,0,8,334,1759942744.606433,34.3,80.0,3221.23828125,0.0,0.0,0.0,1759942359.9449153
6496,svchost.exe,running,0.0,0.06166848786345729,9.93359375,2,0,1688405.358105898,3,7.03125,18.765625,25.796875,2.108157251996088,2433024,1126400,3559424,842,0.0316079414014293,531,0,531,0,0,0,0,0,0,0,0,1.0,0,0,0,0,0,338,1759942748.2170484,34.3,80.0,3221.23828125,0.0,0.0,0.0,1759942359.9449153
6616,conhost.exe,running,0.0,0.006644579502393746,1.0703125,2,16384,121749.15856385231,3,0.015625,0.015625,0.03125,0.0,0,0,0,0,0.0,545,0,545,0,0,0,0,0,0,0,0,1.0,0,0,0,1,0,337,1759942752.2775352,34.3,80.0,3221.23828125,0.0,0.0,0.0,1759942359.9449153
6740,msedgewebview2.exe,running,0.0,0.03157387778144766,5.0859375,7,32,121588.86130690575,1,0.09375,0.171875,0.265625,0.06304031403544906,7581,84,7665,22,0.07648848326814428,777,0,777,0,0,0,0,0,0,0,0,1.0,1,0,0,1,0,336,1759942758.1258593,34.3,80.0,3221.23828125,0.0,0.0,0.0,1759942359.9449153
6984,svchost.exe,running,0.0,0.025535555532921955,4.11328125,3,32,121762.68004822731,3,0.234375,0.015625,0.25,0.0,0,0,0,0,0.0,145,0,145,0,0,0,0,0,0,0,0,1.0,0,0,0,1,0,336,1759942763.6628194,34.3,80.0,3221.23828125,0.0,0.0,0.0,1759942359.9449153
7268,svchost.exe,running,0.0,0.019181979512384865,3.08984375,2,0,1688431.1222319603,3,1.796875,2.046875,3.84375,0.0,0,0,0,0,0.0,96,0,96,0,0,0,0,0,0,0,0,1.0,0,0,0,0,0,336,1759942768.3277934,34.3,80.0,3221.23828125,0.0,0.0,0.0,1759942359.9449153
7480,svchost.exe,running,0.0,0.03744244799889031,6.03125,5,0,1688298.0375831127,3,3.5625,3.34375,6.90625,0.5733110970060881,967920,0,967920,64,0.009181880133424195,175,0,175,0,0,0,0,0,0,0,0,1.0,0,0,0,0,0,335,1759942772.8109248,34.3,80.0,3221.23828125,0.0,0.0,0.0,1759942359.9449153
7520,msedge.exe,running,0.0,0.04830657798820563,7.78125,7,32,42220.26627659798,1,0.125,0.078125,0.203125,0.4502103296903135,18138,870,19008,105,0.3407707910750507,588,0,588,0,0,0,0,0,0,0,0,1.0,1,0,0,2,0,335,1759942777.5996346,34.3,80.0,3221.23828125,0.0,0.0,0.0,1759942359.9449153
7560,EpicWebHelper.exe,running,0.0,0.1091748062765571,17.5859375,12,32768,121711.9670548439,3,0.765625,1.890625,2.65625,2.0178048711457905,225399,20192,245591,655,0.1978104945262363,87152,0,87152,0,0,0,0,0,0,0,0,1.0,0,0,0,10,0,338,1759942784.2169569,34.3,80.0,3221.23828125,0.0,0.0,0.0,1759942359.9449153
7796,msedgewebview2.exe,running,0.0,0.17506284462693594,28.19921875,22,32,121785.12194991112,1,4.125,4.0625,8.1875,430.65343418197625,19787310,32659871,52447181,31895,0.795733799039481,46990,0,46990,0,0,0,0,0,0,0,0,1.0,1,0,1,19,0,337,1759942789.429261,34.3,80.0,3221.23828125,0.0,0.0,0.0,1759942359.9449153
8044,conhost.exe,running,0.0,0.06535453196697498,10.52734375,3,32,18117.752863883972,3,0.015625,0.015625,0.03125,0.08742806085833935,1584,0,1584,12,0.2774566473988439,1028,0,1028,0,0,0,0,0,0,0,0,1.0,0,0,0,4,0,337,1759942794.410039,34.3,80.0,3221.23828125,0.0,0.0,0.0,1759942359.9449153
8232,svchost.exe,running,0.0,0.033489650703670666,5.39453125,10,0,1688461.986264944,3,23.140625,54.953125,78.09375,0.0,0,0,0,0,0.0,52901,0,52901,0,0,0,0,0,0,0,0,1.0,0,0,0,0,0,337,1759942799.5684865,34.3,80.0,3221.23828125,0.0,0.0,0.0,1759942359.9449153
8316,conhost.exe,running,0.0,0.04081323833039662,6.57421875,2,32,11982.931665420532,3,0.0,0.0,0.0,0.0,0,0,0,0,0.0,250,0,250,0,0,0,0,0,0,0,0,1.0,0,0,0,1,0,338,1759942804.683744,34.3,80.0,3221.23828125,0.0,0.0,0.0,1759942359.9449153
8348,RtkAudUService64.exe,running,0.0,0.05832194782210569,9.39453125,12,32,121745.1785902977,3,0.953125,0.984375,1.9375,0.08245911761141433,10039,0,10039,1,0.0005158627805003869,9046,0,9046,0,0,0,0,0,0,0,0,1.0,0,0,0,1,0,338,1759942809.8472743,34.3,80.0,3221.23828125,0.0,0.0,0.0,1759942359.9449153
8436,Code.exe,running,0.0,0.8854265941291987,142.625,19,32768,120957.92954802513,1,569.09375,192.4375,761.53125,42524.25824598599,5060926010,82720223,5143646233,1507754,0.6644180144386872,4565992,0,4565992,0,0,0,0,0,0,0,0,1.0,1,0,1,6,0,338,1759942815.436369,34.3,80.0,3221.23828125,0.0,0.0,0.0,1759942359.9449153
8524,CrossDeviceService.exe,running,0.0,0.35926804864220196,57.87109375,15,32,121685.8356833458,3,7.03125,19.21875,26.25,6.343030769896238,771857,0,771857,102,0.003870673952641166,18330,0,18330,0,0,0,0,0,0,0,0,1.0,0,0,0,108,0,340,1759942822.6433327,34.3,80.0,3221.23828125,0.0,0.0,0.0,1759942359.9449153
8692,cmd.exe,running,0.0,0.027718081646846904,4.46484375,1,32,18152.492488622665,3,0.0,0.0,0.0,0.0,0,0,0,0,0.0,66,0,66,0,0,0,0,0,0,0,0,1.0,0,0,0,0,0,340,1759942829.1402912,34.3,80.0,3221.23828125,0.0,0.0,0.0,1759942359.9449153
8732,RuntimeBroker.exe,running,0.0,0.09966869253590618,16.0546875,4,32,121827.05268478394,3,0.78125,1.109375,1.890625,0.14457380041501935,17613,0,17613,40,0.020718679184202008,2493,0,2493,0,0,0,0,0,0,0,0,1.0,0,0,0,2,0,340,1759942832.879656,34.3,80.0,3221.23828125,0.0,0.0,0.0,1759942359.9449153
8768,BraveCrashHandler64.exe,running,0.0,0.0062808251500729205,1.01171875,3,0,1688483.2867701054,1,0.140625,0.046875,0.1875,0.005159660192233918,5672,3040,8712,106,0.36115843270868825,157,0,157,0,0,0,0,0,0,0,0,1.0,1,0,0,0,0,340,1759942836.325135,34.3,80.0,3221.23828125,0.0,0.0,0.0,1759942359.9449153
8796,svchost.exe,running,0.0,0.23496106130909858,37.84765625,30,0,1688501.340758562,1,1612.78125,639.359375,2252.140625,7085.311046673704,6321497306,5642059896,11963557202,1633817,0.4204412805453585,750795,0,750795,0,0,0,0,0,0,0,0,1.0,1,0,0,0,0,339,1759942839.7691302,34.3,80.0,3221.23828125,0.0,0.0,0.0,1759942359.9449153
8832,WmiPrvSE.exe,running,0.0,0.08431825886796736,13.58203125,5,0,1688506.887878418,3,31.765625,128.421875,160.1875,0.0,0,0,0,0,0.0,45321,0,45321,0,0,0,0,0,0,0,0,1.0,0,0,0,0,0,340,1759942844.8667934,34.3,80.0,3221.23828125,0.0,0.0,0.0,1759942359.9449153
8852,EpicWebHelper.exe,running,0.0,0.08608853004926204,13.8671875,8,32,121775.41308784485,3,1.234375,1.96875,3.203125,0.9957100282019327,94322,26931,121253,436,0.1198090200254182,89348,0,89348,0,0,0,0,0,0,0,0,1.0,0,0,0,7,0,338,1759942849.599721,34.3,80.0,3221.23828125,0.0,0.0,0.0,1759942359.9449153
8956,conhost.exe,running,0.0,0.042971514154166855,6.921875,2,32,9877.898977518082,3,0.015625,0.0,0.015625,0.0,0,0,0,0,0.0,89,0,89,0,0,0,0,0,0,0,0,1.0,0,0,0,1,0,338,1759942853.284477,34.3,80.0,3221.23828125,0.0,0.0,0.0,1759942359.9449153
9020,conhost.exe,running,0.0,0.042122753998751594,6.78515625,2,32,11788.759220123291,3,0.015625,0.015625,0.03125,0.0,0,0,0,0,0.0,24,0,24,0,0,0,0,0,0,0,0,1.0,0,0,0,1,0,340,1759942858.9008214,34.3,80.0,3221.23828125,0.0,0.0,0.0,1759942359.9449153
9068,ShellExperienceHost.exe,running,0.0,0.9480408433086902,152.7109375,27,32,121858.53123760223,3,7.421875,5.5,12.921875,24.693683482305605,2996768,12368,3009136,565,0.04189258074980305,67517,0,67517,0,0,0,0,0,0,0,0,1.0,0,0,0,13,0,340,1759942864.4419408,34.3,80.0,3221.23828125,0.0,0.0,0.0,1759942359.9449153
9080,BraveCrashHandler.exe,running,0.0,0.0077358425593562225,1.24609375,3,0,1688516.8612689972,1,0.5,0.8125,1.3125,0.07029127320102718,79032,39656,118688,2692,0.6722437258084655,3622,0,3622,0,0,0,0,0,0,0,0,1.0,1,0,1,0,0,340,1759942869.8046944,34.3,80.0,3221.23828125,0.0,0.0,0.0,1759942359.9449153
9108,unsecapp.exe,running,0.0,0.03137987546020988,5.0546875,3,0,1688536.6121389866,3,91.78125,294.1875,385.96875,0.0,0,0,0,0,0.0,657358,0,657358,0,0,0,0,0,0,0,0,1.0,0,0,0,0,0,337,1759942874.8639002,34.3,80.0,3221.23828125,0.0,0.0,0.0,1759942359.9449153
9336,IntelGraphicsSoftware.Service.exe,running,0.0,0.04646355593644678,7.484375,17,0,1688542.1585247517,3,23.984375,31.375,55.359375,0.11653662243880275,196777,0,196777,59,0.0010646288347502069,262823,0,262823,0,0,0,0,0,0,0,0,1.0,0,0,0,0,0,344,1759942880.6509452,34.3,80.0,3221.23828125,0.0,0.0,0.0,1759942359.9449153
9428,Code.exe,running,0.0,0.7470786887965115,120.33984375,53,32,121029.25939941406,1,166.75,212.203125,378.953125,4310.917662299815,278369450,243377722,521747172,687833,0.6447712281597213,3882262,0,3882262,0,0,0,0,0,0,0,0,1.0,1,0,1,72,0,342,1759942886.3687649,34.3,80.0,3221.23828125,0.0,0.0,0.0,1759942359.9449153
9588,PresentMonService.exe,running,0.0,0.012173645657670295,1.9609375,10,0,1688551.8460373878,3,72.671875,66.984375,139.65625,0.4736466942823687,799740,37,799777,4,2.8640933980857115e-05,3648497,0,3648497,0,0,0,0,0,0,0,0,1.0,0,0,0,0,0,342,1759942891.5337727,34.3,80.0,3221.23828125,0.0,0.0,0.0,1759942359.9449153
9752,svchost.exe,running,0.0,0.1035729892508164,16.68359375,8,0,1688557.569764614,3,18.671875,19.515625,38.1875,3.826335634443702,6329498,131490,6460988,662,0.017040116346413725,677,0,677,0,0,0,0,0,0,0,0,1.0,0,0,0,0,0,342,1759942896.3969293,34.3,80.0,3221.23828125,0.0,0.0,0.0,1759942359.9449153
9800,XboxPcAppFT.exe,running,0.0,0.29386501609491755,47.3359375,8,32,37445.63173556328,3,0.703125,1.3125,2.015625,11.72385081122991,414500,24507,439007,206,0.09272491982220221,890,0,890,0,0,0,0,0,0,0,0,1.0,0,0,0,14,0,341,1759942901.8902423,34.3,80.0,3221.23828125,0.0,0.0,0.0,1759942359.9449153
9836,ctfmon.exe,running,33.2,0.20515745470894559,33.046875,15,128,121903.59813904762,3,38.484375,71.609375,110.09375,59.972971361033174,5580539,1730382,7310921,1978,0.017649407633948788,1545158,0,1545158,0,0,0,0,0,0,0,0,1.0,0,0,0,0,0,340,1759942907.7084546,34.3,80.0,3221.23828125,0.0,0.0,0.0,1759942359.9449153
9908,svchost.exe,running,0.0,0.02808183599916773,4.5234375,4,0,1688574.5107939243,3,10.265625,21.234375,31.5,0.0,0,0,0,0,0.0,87675,0,87675,0,0,0,0,0,0,0,0,1.0,0,0,0,0,0,342,1759942913.7625782,34.3,80.0,3221.23828125,0.0,0.0,0.0,1759942359.9449153
10036,svchost.exe,running,0.0,0.09821367512662289,15.8203125,7,0,1688580.3048505783,3,64.359375,72.9375,137.296875,0.34277907798481555,10560,568250,578810,157,0.0011422013384489887,22865,0,22865,0,0,0,0,0,0,0,0,1.0,0,0,0,0,0,340,1759942919.625867,34.3,80.0,3221.23828125,0.0,0.0,0.0,1759942359.9449153
10136,AggregatorHost.exe,running,0.0,0.050974109905225023,8.2109375,3,0,1688585.785684824,3,39.21875,30.25,69.46875,1138.2690534851838,1921855122,209822,1922064944,5261,0.07040034256771902,294,0,294,0,0,0,0,0,0,0,0,1.0,0,0,0,0,0,340,1759942925.1776428,34.3,80.0,3221.23828125,0.0,0.0,0.0,1759942359.9449153
10220,UserOOBEBroker.exe,running,0.0,0.06874957258863602,11.07421875,1,32,28601.468836784363,3,0.0625,0.09375,0.15625,0.0,0,0,0,0,0.0,51,0,51,0,0,0,0,0,0,0,0,1.0,0,0,0,0,0,340,1759942931.2455263,34.3,80.0,3221.23828125,0.0,0.0,0.0,1759942359.9449153
10384,svchost.exe,running,0.0,0.056236422868799624,9.05859375,6,0,1945.751392841339,3,8.40625,14.171875,22.578125,2.6216093272589767,4589,512,5101,3,0.00013285431970284917,93876,0,93876,0,0,0,0,0,0,0,0,1.0,0,0,0,0,0,339,1759942936.957174,34.3,80.0,3221.23828125,0.0,0.0,0.0,1759942359.9449153
10624,conhost.exe,running,0.0,0.029779356309998246,4.796875,3,32,121753.87973451614,3,0.0625,0.09375,0.15625,0.07706530601291388,9383,0,9383,13,0.07680945347119646,2582,0,2582,0,0,0,0,0,0,0,0,1.0,0,0,0,4,0,341,1759942942.990707,34.3,80.0,3221.23828125,0.0,0.0,0.0,1759942359.9449153
10892,RuntimeBroker.exe,running,0.0,0.04396577605051045,7.08203125,2,32,121644.83384084702,3,0.28125,0.21875,0.5,0.0514366274542024,6257,0,6257,1,0.001996007984031936,812,0,812,0,0,0,0,0,0,0,0,1.0,0,0,0,1,0,339,1759942948.630422,34.3,80.0,3221.23828125,0.0,0.0,0.0,1759942359.9449153
10916,RuntimeBroker.exe,running,0.0,0.29609604278915197,47.6953125,12,32,9883.798225402832,3,0.75,0.6875,1.4375,22.082806125992555,217914,348,218262,50,0.03361344537815126,5198,0,5198,0,0,0,0,0,0,0,0,1.0,0,0,0,8,0,339,1759942954.2156012,34.3,80.0,3221.23828125,0.0,0.0,0.0,1759942359.9449153
11216,svchost.exe,running,0.0,0.14542899005786603,23.42578125,5,0,1688616.8235099316,3,284.234375,185.34375,469.578125,0.9260833945438911,1563800,0,1563800,208,0.00044275466841427045,1175,0,1175,0,0,0,0,0,0,0,0,1.0,0,0,0,0,0,338,1759942959.5082667,34.3,80.0,3221.23828125,0.0,0.0,0.0,1759942359.9449153
11260,nvcontainer.exe,running,0.0,0.2518150129666301,40.5625,26,32,121964.98459887505,3,29.90625,33.140625,63.046875,1899.062126410799,200938365,30680718,231619083,18546,0.22729925866688727,48192,0,48192,0,0,0,0,0,0,0,0,1.0,0,0,0,11,1,339,1759942965.59944,34.3,80.0,3221.23828125,0.0,0.0,0.0,1759942359.9449153
11448,SecurityHealthService.exe,running,0.0,0.08647653469173759,13.9296875,9,0,1688584.0739839077,3,29.375,25.9375,55.3125,18.802866549067417,23909667,7840554,31750221,8917,0.13883028826318125,86637,0,86637,0,0,0,0,0,0,0,0,1.0,0,0,0,0,0,339,1759942971.157629,34.3,80.0,3221.23828125,0.0,0.0,0.0,1759942359.9449153
11708,svchost.exe,running,0.0,0.10755003683619074,17.32421875,15,0,1688623.4286146164,3,189.609375,90.84375,280.453125,0.37386606705910025,630399,920,631319,190,0.0006770164065127197,2421972,0,2421972,0,0,0,0,0,0,0,0,1.0,0,0,0,0,0,338,1759942976.7741034,34.3,80.0,3221.23828125,0.0,0.0,0.0,1759942359.9449153
11808,svchost.exe,running,0.0,0.09280586042211995,14.94921875,12,0,1688638.4471476078,3,40.234375,65.1875,105.421875,0.12452754487214324,12679,197603,210282,84,0.0007961641946479283,58422,0,58422,0,0,0,0,0,0,0,0,1.0,0,0,0,0,2,338,1759942981.7299936,34.3,80.0,3221.23828125,0.0,0.0,0.0,1759942359.9449153
12124,chrome.exe,running,16.6,2.2063641491470447,355.40234375,22,32768,121123.65781617165,1,2056.609375,909.078125,2965.6875,116217.10822475325,13558066461,518574788,14076641249,9049169,0.7531649670555782,19616783,0,19616783,0,0,0,0,0,0,0,0,1.0,1,0,1,4,0,338,1759942987.9657817,34.3,80.0,3221.23828125,0.0,0.0,0.0,1759942359.9449153
12148,msedgewebview2.exe,running,0.0,0.0034435412019704816,0.5546875,29,64,121927.94885158539,1,55.53125,18.78125,74.3125,1259.0478757816315,104844192,48668933,153513125,34097,0.3145204064219464,154073,0,154073,0,0,0,0,0,0,0,0,1.0,1,0,0,37,0,338,1759942993.3795865,34.3,80.0,3221.23828125,0.0,0.0,0.0,1759942359.9449153
12372,svchost.exe,running,0.0,0.028033335418858288,4.515625,5,0,1688645.2165193558,1,4.8125,5.40625,10.21875,2.329285015894228,1465536,2467800,3933336,36798,0.7826572444926542,34786,0,34786,0,0,0,0,0,0,0,0,1.0,1,0,1,0,0,338,1759942998.515637,34.3,80.0,3221.23828125,0.0,0.0,0.0,1759942359.9449153
12508,GameInputSvc.exe,running,0.0,0.010597376797613382,1.70703125,3,0,1509869.8742201328,3,0.25,0.328125,0.578125,1.2163379317363903,918256,918256,1836512,2,0.003447532859297565,740,0,740,0,0,0,0,0,0,0,0,1.0,0,0,0,0,0,338,1759943003.701571,34.3,80.0,3221.23828125,0.0,0.0,0.0,1759942359.9449153
12576,SearchHost.exe,running,0.0,0.4834295342343771,77.87109375,12,32,122006.27107524872,1,8.0,8.6875,16.6875,104.43674646970621,9402503,3339435,12741938,33955,0.6704842770400355,84567,0,84567,0,0,0,0,0,0,0,0,1.0,1,0,1,27,0,338,1759943008.8553927,34.3,80.0,3221.23828125,0.0,0.0,0.0,1759942359.9449153
12664,chrome.exe,running,0.0,1.624090432242022,261.609375,31,64,4780.249976873398,1,218.890625,41.828125,260.71875,83997.57291827383,41649095,359880301,401529396,307304,0.5410065001797904,989308,0,989308,0,0,0,0,0,0,0,0,1.0,1,0,1,44,0,338,1759943014.1481729,34.3,80.0,3221.23828125,0.0,0.0,0.0,1759942359.9449153
12880,WmiPrvSE.exe,running,0.0,0.09224810374856135,14.859375,9,0,2028.1550979614258,3,5.34375,22.78125,28.125,0.0,0,0,0,0,0.0,39529,0,39529,0,0,0,0,0,0,0,0,1.0,0,0,0,0,0,339,1759943019.0972025,34.3,80.0,3221.23828125,0.0,0.0,0.0,1759942359.9449153
13080,SecurityHealthSystray.exe,running,0.0,0.038315458444460285,6.171875,1,32,121989.58073925972,3,0.078125,0.125,0.203125,0.05540637125761316,6759,0,6759,1,0.004898958971218616,1003,0,1003,0,0,0,0,0,0,0,0,1.0,0,0,0,1,0,339,1759943024.1088123,34.3,80.0,3221.23828125,0.0,0.0,0.0,1759942359.9449153
13264,svchost.exe,running,0.0,0.028445590351488553,4.58203125,3,0,623195.962069273,3,1.53125,1.703125,3.234375,0.006373597137586205,3972,0,3972,1,0.0003090831820113588,34,0,34,0,0,0,0,0,0,0,0,1.0,0,0,0,0,0,339,1759943028.85382,34.3,80.0,3221.23828125,0.0,0.0,0.0,1759942359.9449153
13336,msedgewebview2.exe,running,0.0,0.03205888358454209,5.1640625,24,32,121968.6759815216,1,3.296875,4.9375,8.234375,230.47178116665583,13537266,14573072,28110338,30388,0.7867978082652867,40282,0,40282,0,0,0,0,0,0,0,0,1.0,1,0,1,18,0,339,1759943033.9408162,34.3,80.0,3221.23828125,0.0,0.0,0.0,1759942359.9449153
13492,msedge.exe,running,0.0,0.15670537497981163,25.2421875,16,32768,42480.63046884537,1,0.59375,0.5,1.09375,176.53560969392632,7310960,188384,7499344,1083,0.49753072240725854,3886,0,3886,0,0,0,0,0,0,0,0,1.0,1,0,0,4,0,339,1759943039.2169218,34.3,80.0,3221.23828125,0.0,0.0,0.0,1759942359.9449153
13784,conhost.exe,running,0.0,0.06457852268202388,10.40234375,3,32,18367.762350082397,3,0.0625,0.015625,0.078125,0.08623804956801906,1584,0,1584,12,0.13314840499306518,1407,0,1407,0,0,0,0,0,0,0,0,1.0,0,0,0,4,0,339,1759943044.4125645,34.3,80.0,3221.23828125,0.0,0.0,0.0,1759942359.9449153
13824,postgres.exe,running,0.0,0.012707152041074171,2.046875,3,0,1688695.4857218266,1,0.765625,6.09375,6.859375,0.40540109557252163,681898,2701,684599,8309,0.547784452850091,27785,0,27785,0,0,0,0,0,0,0,0,1.0,1,0,1,0,2,339,1759943049.3367536,34.3,80.0,3221.23828125,0.0,0.0,0.0,1759942359.9449153
13844,conhost.exe,running,0.0,0.011761390725040025,1.89453125,4,0,1688700.2103514671,3,46.203125,85.390625,131.59375,0.000902469242709937,1524,0,1524,11,8.358360925422525e-05,2317576,0,2317576,0,0,0,0,0,0,0,0,1.0,0,0,0,0,0,338,1759943054.0778248,34.3,80.0,3221.23828125,0.0,0.0,0.0,1759942359.9449153
13888,postgres.exe,running,0.0,0.011809891305349469,1.90234375,2,0,1688704.4131951332,3,0.203125,0.140625,0.34375,0.04720423502013368,30189,49525,79714,25,0.06779661016949153,2311,0,2311,0,0,0,0,0,0,0,0,1.0,0,0,0,0,0,338,1759943058.8606136,34.3,80.0,3221.23828125,0.0,0.0,0.0,1759942359.9449153
13892,postgres.exe,running,0.0,0.011664389564421139,1.87890625,2,0,1688709.1772954464,3,2.15625,1.578125,3.734375,0.017876375876838435,30188,0,30188,13,0.0034690950331898998,106508,0,106508,0,0,0,0,0,0,0,0,1.0,0,0,0,0,0,338,1759943063.6288633,34.3,80.0,3221.23828125,0.0,0.0,0.0,1759942359.9449153
13952,dwm.exe,running,0.0,0.656406853908007,105.734375,18,0,128788.22756719589,3,2728.265625,1118.90625,3847.171875,194.18622705209202,25007710,1190,25008900,827964,0.17709945168171182,7842055,0,7842055,0,0,0,0,0,0,0,0,1.0,0,0,0,0,0,338,1759943068.3520977,34.3,80.0,3221.23828125,0.0,0.0,0.0,1759942359.9449153
14076,svchost.exe,running,0.0,0.008245098652605379,1.328125,3,0,1688718.8906276226,3,1.796875,1.828125,3.625,0.0,0,0,0,0,0.0,50,0,50,0,0,0,0,0,0,0,0,1.0,0,0,0,0,0,338,1759943072.9922678,34.3,80.0,3221.23828125,0.0,0.0,0.0,1759942359.9449153
14264,svchost.exe,running,0.0,0.025681057273850283,4.13671875,8,0,1688722.980048418,3,7.546875,12.0625,19.609375,0.0,0,0,0,0,0.0,12533,0,12533,0,0,0,0,0,0,0,0,1.0,0,0,0,0,16,338,1759943077.610319,34.3,80.0,3221.23828125,0.0,0.0,0.0,1759942359.9449153
14276,postgres.exe,running,0.0,0.013143657263859162,2.1171875,3,0,1688727.9740934372,3,0.171875,0.125,0.296875,0.019348883006181608,31122,1553,32675,45,0.1316270566727605,606,0,606,0,0,0,0,0,0,0,0,1.0,0,0,0,0,0,338,1759943082.284826,34.3,80.0,3221.23828125,0.0,0.0,0.0,1759942359.9449153
14408,AppProvisioningPlugin.exe,running,0.0,0.03816995670353196,6.1484375,10,0,1688660.878758669,3,25.65625,30.859375,56.515625,0.04924967531736458,83166,0,83166,22,0.00038912140366702703,579333,0,579333,0,0,0,0,0,0,0,0,1.0,0,0,0,0,0,337,1759943086.90847,34.3,80.0,3221.23828125,0.0,0.0,0.0,1759942359.9449153
14444,vmcompute.exe,running,0.0,0.038339708734615015,6.17578125,2,0,1411871.3998589516,3,1.03125,1.09375,2.125,0.0,0,0,0,0,0.0,213,0,213,0,0,0,0,0,0,0,0,1.0,0,0,0,0,0,337,1759943091.581185,34.3,80.0,3221.23828125,0.0,0.0,0.0,1759942359.9449153
14520,msedgewebview2.exe,running,0.0,0.46781234737473637,75.35546875,46,32,122093.0859003067,1,9.234375,8.59375,17.828125,694.0700562617783,53475514,31265641,84741155,49492,0.7351739171607302,143818,0,143818,0,0,0,0,0,0,0,0,1.0,1,0,1,145,0,337,1759943096.8538775,34.3,80.0,3221.23828125,0.0,0.0,0.0,1759942359.9449153
15620,msedgewebview2.exe,running,0.0,0.12920554594435724,20.8125,50,32,121932.68084907532,1,13.390625,20.765625,34.15625,1817.0167297004866,193046190,28507531,221553721,81910,0.7057176397100794,202162,0,202162,0,0,0,0,0,0,0,0,1.0,1,0,1,140,0,337,1759943102.1321652,34.3,80.0,3221.23828125,0.0,0.0,0.0,1759942359.9449153
15736,OneDrive.Sync.Service.exe,running,0.0,0.06799781359383965,10.953125,16,16384,114326.26398849487,1,1.765625,2.875,4.640625,28.13843370516976,2278342,938620,3216962,8380,0.6435942975087602,9986,0,9986,0,0,0,0,0,0,0,0,1.0,1,0,1,13,1,336,1759943107.0815647,34.3,80.0,3221.23828125,0.0,0.0,0.0,1759942359.9449153
15740,conhost.exe,running,0.0,0.05601817025740713,9.0234375,5,32,12291.401890993118,1,0.21875,0.390625,0.609375,2.18006052016211,608,26188,26796,620,0.5043213014743264,24852,0,24852,0,0,0,0,0,0,0,0,1.0,1,0,1,1,0,336,1759943111.9483776,34.3,80.0,3221.23828125,0.0,0.0,0.0,1759942359.9449153
15924,msedgewebview2.exe,running,0.0,0.21032276651190132,33.87890625,21,64,122112.47182226181,1,2.65625,1.203125,3.859375,71.82827330501202,3815696,4955432,8771128,29064,0.8827770542965294,49928,0,49928,0,0,0,0,0,0,0,0,1.0,1,0,1,21,0,336,1759943116.8754368,34.3,80.0,3221.23828125,0.0,0.0,0.0,1759942359.9449153
16320,postgres.exe,running,0.0,0.011276384921945591,1.81640625,2,0,1688765.7012283802,3,1.734375,1.640625,3.375,0.02272665768382377,30188,8192,38380,14,0.004131012097964001,107373,0,107373,0,0,0,0,0,0,0,0,1.0,0,0,0,0,0,336,1759943122.0988626,34.3,80.0,3221.23828125,0.0,0.0,0.0,1759942359.9449153
16328,postgres.exe,running,0.0,0.01408941857989331,2.26953125,2,0,1688770.1972706318,3,1.296875,0.59375,1.890625,0.023029776379792075,38892,0,38892,15,0.00787143325680551,11638,0,11638,0,0,0,0,0,0,0,0,1.0,0,0,0,0,0,336,1759943126.5971365,34.3,80.0,3221.23828125,0.0,0.0,0.0,1759942359.9449153
16336,svchost.exe,running,0.0,0.05783694201901125,9.31640625,10,0,1688723.4985423088,3,14.9375,17.03125,31.96875,59.17139371025134,99793051,131072,99924123,2391,0.06958723506428306,37287,0,37287,0,0,0,0,0,0,0,0,1.0,0,0,0,0,0,336,1759943131.1532917,34.3,80.0,3221.23828125,0.0,0.0,0.0,1759942359.9449153
16348,postgres.exe,running,0.0,0.013652913357108318,2.19921875,2,0,1688779.29620862,3,0.390625,0.1875,0.578125,0.018178811209328998,30700,0,30700,14,0.023643656322567024,4049,0,4049,0,0,0,0,0,0,0,0,1.0,0,0,0,0,0,336,1759943135.7006743,34.3,80.0,3221.23828125,0.0,0.0,0.0,1759942359.9449153
16616,NisSrv.exe,running,0.0,0.03234988706639875,5.2109375,8,0,1688779.1557068825,3,17.65625,16.0,33.65625,0.0,0,0,0,0,0.0,816,0,816,0,0,0,0,0,0,0,0,1.0,0,0,0,0,0,336,1759943140.3100643,34.3,80.0,3221.23828125,0.0,0.0,0.0,1759942359.9449153
17840,ShellHost.exe,running,0.0,0.3003883441465377,48.38671875,7,32,4326.835139513016,1,0.265625,0.375,0.640625,14.314850925189424,61930,8,61938,582,0.4760249463245067,2612,0,2612,0,0,0,0,0,0,0,0,1.0,1,0,0,6,0,336,1759943145.2424324,34.3,80.0,3221.23828125,0.0,0.0,0.0,1759942359.9449153
18084,cmd.exe,running,0.0,0.027718081646846904,4.46484375,1,32,18473.5005300045,3,0.0,0.015625,0.015625,0.12390721489315064,2289,0,2289,1,0.06015037593984962,50,0,50,0,0,0,0,0,0,0,0,1.0,0,0,0,0,0,336,1759943150.1262307,34.3,80.0,3221.23828125,0.0,0.0,0.0,1759942359.9449153
18120,msedgewebview2.exe,running,0.0,0.029924858050926578,4.8203125,21,32768,122089.86566829681,1,7.421875,8.859375,16.28125,88.41506984148512,9388440,1406144,10794584,6636,0.28956353838265936,155168,0,155168,0,0,0,0,0,0,0,0,1.0,1,0,0,5,0,335,1759943155.27145,34.3,80.0,3221.23828125,0.0,0.0,0.0,1759942359.9449153
18164,svchost.exe,running,0.0,0.04217125457906104,6.79296875,13,0,1688789.4975013733,3,9.34375,10.421875,19.765625,0.003268613411065763,2320,3200,5520,40,0.0020196282621729937,538580,0,538580,0,0,0,0,0,0,0,0,1.0,0,0,0,0,0,335,1759943160.0221002,34.3,80.0,3221.23828125,0.0,0.0,0.0,1759942359.9449153
18204,svchost.exe,running,0.0,0.17385033011919987,28.00390625,15,0,1688798.2683672905,3,106.40625,37.4375,143.84375,301.29776156860447,508818558,12580,508831138,2389,0.01633696965966926,92971,0,92971,0,0,0,0,0,0,0,0,1.0,0,0,0,0,0,335,1759943164.5469286,34.3,80.0,3221.23828125,0.0,0.0,0.0,1759942359.9449153
18276,svchost.exe,running,0.0,0.01952148357455097,3.14453125,6,0,1589918.5762434006,3,1.78125,1.640625,3.421875,0.47145055803489694,638976,110592,749568,52,0.01496887481558778,241,0,241,0,0,0,0,0,0,0,0,1.0,0,0,0,0,0,335,1759943169.0971622,34.3,80.0,3221.23828125,0.0,0.0,0.0,1759942359.9449153
18372,SDXHelper.exe,running,0.0,0.16798175990175723,27.05859375,13,32,107222.44913291931,3,17.5625,26.046875,43.609375,7.45902566549801,795623,4152,799775,4320,0.09013261700157785,326128,0,326128,0,0,0,0,0,0,0,0,1.0,0,0,0,12,0,333,1759943173.9560938,34.3,80.0,3221.23828125,0.0,0.0,0.0,1759942359.9449153
18456,svchost.exe,running,0.0,0.177584874803027,28.60546875,12,0,1688771.5898981094,3,182.59375,100.375,282.96875,545.3044724985937,469355705,451538996,920894701,32334,0.10254905800853308,121045,0,121045,0,0,0,0,0,0,0,0,1.0,0,0,0,0,0,340,1759943179.547776,34.3,80.0,3221.23828125,0.0,0.0,0.0,1759942359.9449153
18660,Widgets.exe,running,0.0,0.3827180792218179,61.6484375,16,32,122181.97454404831,1,13.8125,11.875,25.6875,592.6692400432105,6036238,66377260,72413498,25432,0.4975009536478252,29253,0,29253,0,0,0,0,0,0,0,0,1.0,1,0,0,20,0,338,1759943184.6412063,34.3,80.0,3221.23828125,0.0,0.0,0.0,1759942359.9449153
18696,Code.exe,running,0.0,0.2919734934628493,47.03125,19,32,121330.39336848259,1,19.6875,10.328125,30.015625,1860.4094714707758,149771736,75952477,225724213,35673,0.5430620598315157,228273,0,228273,0,0,0,0,0,0,0,0,1.0,1,0,1,7,0,337,1759943189.6587634,34.3,80.0,3221.23828125,0.0,0.0,0.0,1759942359.9449153
19096,python.exe,running,0.0,0.5188349578602708,83.57421875,18,32,836.6291401386261,3,10.84375,765.890625,776.734375,17491.282932812082,14633717,0,14633717,974,0.001252397468395528,284912,0,284912,0,0,0,0,0,0,0,0,1.0,0,0,0,2,0,337,1759943194.8197136,34.3,80.0,3221.23828125,0.0,0.0,0.0,1759942359.9449153
19240,taskhostw.exe,running,0.0,0.1591304039952838,25.6328125,3,32,122197.58474826813,3,0.71875,1.046875,1.765625,0.04667850033002261,5516,188,5704,5,0.0028238616307800918,556,0,556,0,0,0,0,0,0,0,0,1.0,0,0,0,0,0,337,1759943199.5725894,34.3,80.0,3221.23828125,0.0,0.0,0.0,1759942359.9449153
19256,svchost.exe,running,0.0,0.031549627491292934,5.08203125,5,0,1688823.2333533764,3,3.15625,2.890625,6.046875,0.329598734199512,556634,0,556634,302,0.04756748242798921,1015,0,1015,0,0,0,0,0,0,0,0,1.0,0,0,0,0,0,337,1759943204.2145123,34.3,80.0,3221.23828125,0.0,0.0,0.0,1759942359.9449153
19296,svchost.exe,running,0.0,0.020345993439811506,3.27734375,6,0,451636.23904395103,3,0.328125,0.640625,0.96875,0.03934139571619032,5480,12288,17768,8,0.008190427437931917,1515,0,1515,0,0,0,0,0,0,0,0,1.0,0,0,0,0,0,337,1759943208.9053583,34.3,80.0,3221.23828125,0.0,0.0,0.0,1759942359.9449153
19644,powershell.exe,running,0.0,0.4052950993558638,65.28515625,9,32,12393.136504173279,3,1.640625,2.25,3.890625,64.87607069681303,797597,6421,804018,660,0.1450350226617223,57255,0,57255,0,0,0,0,0,0,0,0,1.0,0,0,0,8,0,337,1759943213.8635254,34.3,80.0,3221.23828125,0.0,0.0,0.0,1759942359.9449153
19696,jusched.exe,running,0.0,0.03785470293152058,6.09765625,1,32,122033.5909485817,3,0.234375,0.234375,0.46875,0.07653630387665447,8400,940,9340,12,0.0249609984399376,201,0,201,0,0,0,0,0,0,0,0,1.0,0,0,0,2,0,337,1759943218.8453999,34.3,80.0,3221.23828125,0.0,0.0,0.0,1759942359.9449153
19740,Copilot.exe,running,0.0,0.49346915435843186,79.48828125,25,32,122041.98991012573,3,15.171875,20.359375,35.53125,6.298315854781264,767589,1070,768659,697,0.019239129684707375,115948,0,115948,0,0,0,0,0,0,0,0,1.0,0,0,0,157,0,337,1759943224.0012333,34.3,80.0,3221.23828125,0.0,0.0,0.0,1759942359.9449153
20344,svchost.exe,running,0.0,0.04556629520072208,7.33984375,9,0,1688787.067085266,3,6.734375,7.953125,14.6875,7.173257206965787,12096664,17440,12114104,361,0.023989101903844238,50489,0,50489,0,0,0,0,0,0,0,0,1.0,0,0,0,0,0,337,1759943228.590429,34.3,80.0,3221.23828125,0.0,0.0,0.0,1759942359.9449153
20436,mc-extn-browserhost.exe,running,0.0,0.11395211343703728,18.35546875,45,32,18556.700118780136,1,0.125,0.109375,0.234375,52.69395925681852,945765,32061,977826,404,0.6328568631290385,626,0,626,0,0,0,0,0,0,0,0,1.0,1,0,1,4,0,337,1759943233.4233468,34.3,80.0,3221.23828125,0.0,0.0,0.0,1759942359.9449153
20512,mc-extn-browserhost.exe,running,0.0,0.11407336488781089,18.375,45,32,18561.655091285706,1,0.140625,0.109375,0.25,52.095138889525664,935248,31724,966972,401,0.6159754224270353,653,0,653,0,0,0,0,0,0,0,0,1.0,1,0,1,4,0,336,1759943238.404895,34.3,80.0,3221.23828125,0.0,0.0,0.0,1759942359.9449153
20644,svchost.exe,running,0.0,0.03649668668285616,5.87890625,4,0,1688768.897716999,3,8.578125,9.390625,17.96875,0.21389782846446836,361224,0,361224,26,0.0014448658636546771,513,0,513,0,0,0,0,0,0,0,0,1.0,0,0,0,0,0,338,1759943243.4820578,34.3,80.0,3221.23828125,0.0,0.0,0.0,1759942359.9449153
20736,servicehost.exe,running,0.0,0.21711284775522338,34.97265625,119,0,1688084.3343434334,3,9241.75,32216.984374999996,41458.734375,826.6294714136645,1345138350,50281911,1395420261,691158,0.016397621940547127,336484856,0,336484856,0,0,0,0,0,0,0,0,1.0,0,0,0,0,0,341,1759943248.690725,34.3,80.0,3221.23828125,0.0,0.0,0.0,1759942359.9449153
21188,svchost.exe,running,0.0,0.03281064257933846,5.28515625,6,0,1577025.60814929,3,20.71875,44.265625,64.984375,0.0,0,0,0,0,0.0,25648,0,25648,0,0,0,0,0,0,0,0,1.0,0,0,0,0,0,341,1759943253.676947,34.3,80.0,3221.23828125,0.0,0.0,0.0,1759942359.9449153
21624,svchost.exe,running,0.0,0.014719926123916071,2.37109375,7,0,1599666.0546889305,3,3.046875,12.515625,15.5625,0.04638655660817247,38229,35974,74203,1341,0.07933268258053065,17909,0,17909,0,0,0,0,0,0,0,0,1.0,0,0,0,0,0,341,1759943258.361418,34.3,80.0,3221.23828125,0.0,0.0,0.0,1759942359.9449153
21700,svchost.exe,running,0.0,0.03188913155345904,5.13671875,2,32,122262.33678555489,3,0.40625,0.5625,0.96875,0.0,0,0,0,0,0.0,191,0,191,0,0,0,0,0,0,0,0,1.0,0,0,0,2,0,340,1759943263.3129492,34.3,80.0,3221.23828125,0.0,0.0,0.0,1759942359.9449153
21744,NahimicSvc32.exe,running,0.0,0.01794521471449406,2.890625,13,32,122267.6359064579,3,4.921875,9.28125,14.203125,0.0,0,0,0,0,0.0,367754,0,367754,0,0,0,0,0,0,0,0,1.0,0,0,0,1,0,341,1759943268.8450046,34.3,80.0,3221.23828125,0.0,0.0,0.0,1759942359.9449153
21824,chrome.exe,running,0.0,0.4119639291484123,66.359375,20,64,32453.44725751877,1,1.125,0.515625,1.640625,88.59952464168012,1661494,1213866,2875360,5785,0.779059001767528,14719,0,14719,0,0,0,0,0,0,0,0,1.0,1,0,1,23,0,341,1759943274.037694,34.3,80.0,3221.23828125,0.0,0.0,0.0,1759942359.9449153
21960,csrss.exe,running,0.0,0.027572579905918573,4.44140625,15,0,128998.9522280693,3,2.515625,81.5625,84.078125,7.932963658423632,1023344,0,1023344,23989,0.22198240214126175,577639,0,577639,0,0,0,0,0,0,0,0,1.0,0,0,0,0,0,341,1759943278.8983603,34.3,80.0,3221.23828125,0.0,0.0,0.0,1759942359.9449153
22144,OneDrive.exe,running,0.0,0.5015930015602637,80.796875,37,32,122217.55397057533,1,3506.140625,566.140625,4072.28125,39543.73219712416,3380408307,1452529917,4832938224,4017361,0.49660552047279966,5371415,0,5371415,0,0,0,0,0,0,0,0,1.0,1,0,0,47,1,340,1759943284.228233,34.3,80.0,3221.23828125,0.0,0.0,0.0,1759942359.9449153
22156,EpicGamesLauncher.exe,running,0.0,0.4983919632598404,80.28125,89,32,122217.76862812042,3,374.65625,752.9375,1127.59375,20580.09684871042,1680356543,834896972,2515253515,16106,0.01408236733460858,13753963,0,13753963,0,0,0,0,0,0,0,0,1.0,0,0,0,14,1,340,1759943289.703936,34.3,80.0,3221.23828125,0.0,0.0,0.0,1759942359.9449153
22332,python.exe,running,0.0,0.13032105929147442,20.9921875,10,32,12224.055152654648,1,1.8125,1.515625,3.328125,1217.0038349973645,14850493,26229,14876722,1881,0.3610971132387877,6411,0,6411,0,0,0,0,0,0,0,0,1.0,1,0,0,29,18,340,1759943294.836977,34.3,80.0,3221.23828125,0.0,0.0,0.0,1759942359.9449153
22656,svchost.exe,running,0.0,0.1305150616127122,21.0234375,11,32,122298.90370798111,1,6.234375,10.390625,16.625,5523.205511415543,670485442,4996537,675481979,165934,0.9089335502495084,17094,0,17094,0,0,0,0,0,0,0,0,1.0,1,0,1,8,0,339,1759943300.1821046,34.3,80.0,3221.23828125,0.0,0.0,0.0,1759942359.9449153
22680,Code.exe,running,0.0,0.6835671788812953,110.109375,24,32,12237.561318397522,1,15.953125,4.015625,19.96875,591.5849417740038,3403853,3835704,7239557,43883,0.687263857294436,147883,0,147883,0,0,0,0,0,0,0,0,1.0,1,0,1,47,0,338,1759943305.4138744,34.3,80.0,3221.23828125,0.0,0.0,0.0,1759942359.9449153
22780,chrome.exe,running,0.0,0.6836399297517595,110.12109375,29,64,97182.24261975288,1,44.21875,8.8125,53.03125,777.3295199162804,22746498,52796128,75542626,116391,0.6869876890432042,315130,0,315130,0,0,0,0,0,0,0,0,1.0,1,0,1,129,0,338,1759943310.5467572,34.3,80.0,3221.23828125,0.0,0.0,0.0,1759942359.9449153
22848,msedgewebview2.exe,running,0.0,0.0082693489427601,1.33203125,10,32,122145.73014235497,1,0.46875,0.5625,1.03125,34.730988918367196,2737176,1505066,4242242,1886,0.6464992715742566,4808,0,4808,0,0,0,0,0,0,0,0,1.0,1,0,1,22,0,338,1759943315.4067512,34.3,80.0,3221.23828125,0.0,0.0,0.0,1759942359.9449153
23004,backgroundTaskHost.exe,running,0.0,0.03288339344980263,5.296875,7,32,122016.9474773407,3,0.5,0.578125,1.078125,0.06676121775225333,7210,936,8146,73,0.06341622325985449,892,0,892,0,0,0,0,0,0,0,0,1.0,0,0,0,1,0,338,1759943320.481773,34.3,80.0,3221.23828125,0.0,0.0,0.0,1759942359.9449153
23024,Code.exe,running,0.0,0.5746591257964401,92.56640625,9,32,12500.039315462112,1,0.578125,0.34375,0.921875,30.191265041317052,374432,2960,377392,176,0.1603096891722646,5241,0,5241,0,0,0,0,0,0,0,0,1.0,1,0,0,17,0,338,1759943325.4998558,34.3,80.0,3221.23828125,0.0,0.0,0.0,1759942359.9449153
23356,GameInputSvc.exe,running,0.0,0.05555741474446742,8.94921875,7,0,129045.56153488159,3,8.6875,37.75,46.4375,11.477062693083495,1481064,0,1481064,3,6.459878769608424e-05,149769,0,149769,0,0,0,0,0,0,0,0,1.0,0,0,0,0,0,338,1759943330.244006,34.3,80.0,3221.23828125,0.0,0.0,0.0,1759942359.9449153
23712,svchost.exe,running,0.0,0.06564553544883164,10.57421875,4,0,1224.8138785362244,3,0.046875,0.046875,0.09375,4.073271937416611,4829,160,4989,3,0.031007751937984496,61,0,61,0,0,0,0,0,0,0,0,1.0,0,0,0,0,2,338,1759943334.8340602,34.3,80.0,3221.23828125,0.0,0.0,0.0,1759942359.9449153
23928,gamingservicesnet.exe,running,0.0,0.018042215875112944,2.90625,38,0,1064397.609348774,3,1.171875,1.0625,2.234375,0.0,0,0,0,0,0.0,399,0,399,0,0,0,0,0,0,0,0,1.0,0,0,0,0,0,338,1759943339.4911258,34.3,80.0,3221.23828125,0.0,0.0,0.0,1759942359.9449153
23940,LenovoVantage-(VantageCoreAddin).exe,running,0.0,0.026748070040658035,4.30859375,15,0,122044.70664954185,1,5.28125,4.421875,9.703125,316.37615477151826,37681215,930820,38612035,10324,0.5155008519695163,11824,0,11824,0,0,0,0,0,0,0,0,1.0,1,0,1,0,0,338,1759943344.12411,34.3,80.0,3221.23828125,0.0,0.0,0.0,1759942359.9449153
24244,WmiApSrv.exe,running,0.0,0.013555912196489432,2.18359375,2,0,1688684.9692213535,3,0.265625,0.28125,0.546875,0.0030639225754379236,5174,0,5174,1,0.0018252338580880675,133,0,133,0,0,0,0,0,0,0,0,1.0,0,0,0,0,0,338,1759943348.689017,34.3,80.0,3221.23828125,0.0,0.0,0.0,1759942359.9449153
24756,SystemSettings.exe,stopped,0.0,0.013070906393394997,2.10546875,44,32,29026.0591275692,3,6.15625,3.140625,9.296875,1121.3876419442777,32521400,28064,32549464,443,0.04548312991696506,14906,0,14906,0,0,0,0,0,0,0,0,1.0,0,0,0,22,0,338,1759943353.7785993,34.3,80.0,3221.23828125,0.0,0.0,0.0,1759942359.9449153
24832,RuntimeBroker.exe,running,0.0,0.1897342701705426,30.5625,7,32,122356.00379133224,3,3.015625,3.015625,6.03125,16.334711318363482,1593376,405274,1998650,1940,0.24337462756782186,5685,0,5685,0,0,0,0,0,0,0,0,1.0,0,0,0,9,0,337,1759943358.7141507,34.3,80.0,3221.23828125,0.0,0.0,0.0,1759942359.9449153
24992,chrome.exe,running,0.0,0.3161267824569521,50.921875,28,64,29431.960176467896,1,1.8125,0.390625,2.203125,306.9338211194917,5156336,3877328,9033664,5277,0.7054694941595228,11037,0,11037,0,0,0,0,0,0,0,0,1.0,1,0,1,9,0,335,1759943363.7382898,34.3,80.0,3221.23828125,0.0,0.0,0.0,1759942359.9449153
25008,FnHotkeyCapsLKNumLK.exe,running,0.0,0.03450816289016898,5.55859375,2,32,122368.17514562607,3,0.6875,3.46875,4.15625,0.0004903235659810739,60,0,60,1,0.00024054362860063743,79690,0,79690,0,0,0,0,0,0,0,0,1.0,0,0,0,0,0,335,1759943368.3874495,34.3,80.0,3221.23828125,0.0,0.0,0.0,1759942359.9449153
25040,svchost.exe,running,0.0,0.09945043992451369,16.01953125,4,32,121115.83426833153,3,1.3125,1.59375,2.90625,0.40642910398439114,49225,0,49225,25,0.008528784648187633,135,0,135,0,0,0,0,0,0,0,0,1.0,0,0,0,2,0,335,1759943373.1529553,34.3,80.0,3221.23828125,0.0,0.0,0.0,1759942359.9449153
25212,RuntimeBroker.exe,running,0.0,0.03717569480718837,5.98828125,3,32,122239.40840554237,3,0.234375,0.25,0.484375,0.056749292969299696,6937,0,6937,1,0.0020602626834921455,807,0,807,0,0,0,0,0,0,0,0,1.0,0,0,0,0,0,335,1759943377.9574075,34.3,80.0,3221.23828125,0.0,0.0,0.0,1759942359.9449153
25248,chrome.exe,running,0.0,1.0044227679184181,161.79296875,31,64,46353.86829662323,1,286.140625,52.265625,338.40625,10269.580457747428,67176308,408858472,476034780,432272,0.5608981439400943,1463514,0,1463514,0,0,0,0,0,0,0,0,1.0,1,0,1,45,0,334,1759943382.958771,34.3,80.0,3221.23828125,0.0,0.0,0.0,1759942359.9449153
25476,powershell.exe,running,0.0,0.3411530818966249,54.953125,9,32,12565.010717868805,3,1.40625,2.484375,3.890625,59.14758185944906,742979,211,743190,256,0.061736954752358845,59548,0,59548,0,0,0,0,0,0,0,0,1.0,0,0,0,8,0,334,1759943387.7636945,34.3,80.0,3221.23828125,0.0,0.0,0.0,1759942359.9449153
25752,CrossDeviceResume.exe,running,0.0,0.1197964333643252,19.296875,6,32,122391.0077586174,3,0.578125,0.53125,1.109375,0.39861588603158604,48779,8,48787,20,0.01770890979524073,2328,0,2328,0,0,0,0,0,0,0,0,1.0,0,0,0,7,0,334,1759943392.6291952,34.3,80.0,3221.23828125,0.0,0.0,0.0,1759942359.9449153
25764,chrome.exe,running,0.0,0.09384862289877298,15.1171875,11,32,121533.59133458138,1,5.75,3.65625,9.40625,1324.661570781636,81676034,79314844,160990878,95034,0.9099365426643463,111553,0,111553,0,0,0,0,0,0,0,0,1.0,1,0,1,45,0,333,1759943397.5282183,34.3,80.0,3221.23828125,0.0,0.0,0.0,1759942359.9449153
26216,FnHotkeyUtility.exe,running,0.0,0.11594063722972445,18.67578125,14,32,122401.8146135807,3,2.71875,6.0625,8.78125,9.830393477405982,1174418,28840,1203258,303,0.03335443212152902,193103,0,193103,0,0,0,0,0,0,0,0,1.0,0,0,0,14,0,332,1759943402.4217503,34.3,80.0,3221.23828125,0.0,0.0,0.0,1759942359.9449153
26360,chrome.exe,running,0.0,0.09091433779005166,14.64453125,10,32,107336.53418684006,1,10.515625,11.953125,22.46875,18.726457074728607,788857,1221176,2010033,196380,0.8973320615265109,61751,0,61751,0,0,0,0,0,0,0,0,1.0,1,0,1,8,0,332,1759943407.0999985,34.3,80.0,3221.23828125,0.0,0.0,0.0,1759942359.9449153
26396,svchost.exe,running,0.0,0.06683379966641301,10.765625,2,32,122409.29592704773,3,0.359375,0.359375,0.71875,0.28032184761891055,34314,0,34314,1,0.0013893713094824591,83,0,83,0,0,0,0,0,0,0,0,1.0,0,0,0,6,0,332,1759943411.9368832,34.3,80.0,3221.23828125,0.0,0.0,0.0,1759942359.9449153
26456,winlogon.exe,running,0.0,0.05570291648539574,8.97265625,4,0,129136.44377660751,3,0.234375,0.796875,1.03125,6.125846251182726,790910,160,791070,7,0.006742114134360703,1789,0,1789,0,0,0,0,0,0,0,0,1.0,0,0,0,0,0,332,1759943416.4451203,34.3,80.0,3221.23828125,0.0,0.0,0.0,1759942359.9449153
26476,NahimicSvc64.exe,running,0.0,0.04539654316963902,7.3125,19,32,122419.96018862724,3,18.484375,64.203125,82.6875,0.20989224273891777,25491,204,25695,124,0.0014973765720944555,134669,0,134669,0,0,0,0,0,0,0,0,1.0,0,0,0,10,0,332,1759943421.437025,34.3,80.0,3221.23828125,0.0,0.0,0.0,1759942359.9449153
26564,RuntimeBroker.exe,running,0.0,0.06356001049552558,10.23828125,3,32,121169.6082649231,3,0.78125,0.890625,1.671875,0.14952594350546322,18118,0,18118,1,0.0005977732944780692,843,0,843,0,0,0,0,0,0,0,0,1.0,0,0,0,0,0,332,1759943426.201963,34.3,80.0,3221.23828125,0.0,0.0,0.0,1759942359.9449153
27188,python.exe,running,0.0,0.43102465721002353,69.4296875,40,32,10455.653378486633,3,7.796875,5.75,13.546875,3889.616222710552,40537658,130821,40668479,3919,0.22438039892075262,24166,0,24166,0,0,0,0,0,0,0,0,1.0,0,0,0,30,18,332,1759943431.3031003,34.3,80.0,3221.23828125,0.0,0.0,0.0,1759942359.9449153
27208,ipf_helper.exe,running,0.0,0.04520254084840125,7.28125,4,32,122435.75064587593,3,3.296875,82.640625,85.9375,7.046871485236912,0,862789,862789,3090,0.03470837662520008,201706,0,201706,0,0,0,0,0,0,0,0,1.0,0,0,0,0,0,332,1759943436.0905306,34.3,80.0,3221.23828125,0.0,0.0,0.0,1759942359.9449153
27424,svchost.exe,running,0.0,0.09702541090904153,15.62890625,3,0,37984.48540854454,3,0.09375,0.09375,0.1875,0.1685161699876578,6401,0,6401,3,0.015748031496062992,208,0,208,0,0,0,0,0,0,0,0,1.0,0,0,0,0,0,332,1759943440.6046739,34.3,80.0,3221.23828125,0.0,0.0,0.0,1759942359.9449153
27560,mc-fw-host.exe,running,0.0,0.11523737881523753,18.5625,46,32,122444.85763716698,3,1.03125,4.0625,5.09375,248.97086401402703,30485202,0,30485202,225,0.04230317273795535,15659,0,15659,0,0,0,0,0,0,0,0,1.0,0,0,0,0,0,332,1759943445.0295818,34.3,80.0,3221.23828125,0.0,0.0,0.0,1759942359.9449153
27580,msedgewebview2.exe,running,0.0,0.2850864110589083,45.921875,32,32,122279.77313184738,1,130.8125,30.78125,161.59375,171.0015603108283,7636816,13273216,20910032,60666,0.2729509054158479,376719,0,376719,0,0,0,0,0,0,0,0,1.0,1,0,0,21,0,332,1759943449.7699108,34.3,80.0,3221.23828125,0.0,0.0,0.0,1759942359.9449153
27720,msedgewebview2.exe,running,0.0,0.0001455017409283302,0.0234375,10,32,122389.29252004623,1,0.65625,1.25,1.90625,1115.4813398209553,51701185,84821787,136522972,5084,0.7272987375272701,7147,0,7147,0,0,0,0,0,0,0,0,1.0,1,0,1,21,0,332,1759943454.5389557,34.3,80.0,3221.23828125,0.0,0.0,0.0,1759942359.9449153
27844,LenovoVantage-(VantageCoreAddin).exe,stopped,0.0,0.0005577566735585992,0.08984375,0,0,122462.57726264,3,0.0,0.0,0.0,0.0,0,0,0,0,0.0,0,0,0,0,0,0,0,0,0,0,0,1.0,0,0,0,0,0,332,1759943459.0574176,34.3,80.0,3221.23828125,0.0,0.0,0.0,1759942359.9449153
27892,chrome.exe,running,0.0,1.9144876568448141,308.38671875,32,32,32651.521999120712,1,333.640625,27.96875,361.609375,17415.36357831384,38404689,530233438,568638127,318384,0.4682163263722974,869792,0,869792,0,0,0,0,0,0,0,0,1.0,1,0,0,46,0,332,1759943463.9718778,34.3,80.0,3221.23828125,0.0,0.0,0.0,1759942359.9449153
27956,msedgewebview2.exe,running,0.0,0.06028622132463815,9.7109375,10,32,122464.39769983292,1,0.375,0.296875,0.671875,176.41652109337468,7144260,14460483,21604743,2226,0.7681490747530518,5563,0,5563,0,0,0,0,0,0,0,0,1.0,1,0,1,15,0,332,1759943468.6833587,34.3,80.0,3221.23828125,0.0,0.0,0.0,1759942359.9449153
28120,nahimicNotifSys.exe,running,0.0,0.11858391885658912,19.1015625,10,32,122442.91255283356,3,1.515625,1.453125,2.96875,454.10658600601266,55494030,108103,55602133,252,0.07824264534658076,4795,0,4795,0,0,0,0,0,0,0,0,1.0,0,0,0,17,0,332,1759943473.5881052,34.3,80.0,3221.23828125,0.0,0.0,0.0,1759942359.9449153
28228,Code.exe,running,0.0,2.8555444165889443,459.97265625,15,32,12652.397194385529,1,123.390625,29.59375,152.984375,13786.353156649484,169992381,4438035,174430416,42945,0.21918612255053638,140650,0,140650,0,0,0,0,0,0,0,0,1.0,1,0,0,27,2,337,1759943478.9705238,34.3,80.0,3221.23828125,0.0,0.0,0.0,1759942359.9449153
28360,mc-fw-host.exe,running,0.0,0.6881747340106924,110.8515625,161,0,718775.9922690392,3,743.03125,150.6875,893.71875,1414.3311614941774,551221922,465365362,1016587284,137680,0.13348862406513484,2596079,0,2596079,0,0,0,0,0,0,0,0,1.0,0,0,0,0,0,336,1759943483.6290176,34.3,80.0,3221.23828125,0.0,0.0,0.0,1759942359.9449153
28444,dllhost.exe,running,0.0,0.038970216278637775,6.27734375,2,32,42909.32244133949,3,0.03125,0.109375,0.140625,0.0,0,0,0,0,0.0,381,0,381,0,0,0,0,0,0,0,0,1.0,0,0,0,0,0,335,1759943488.4567018,34.3,80.0,3221.23828125,0.0,0.0,0.0,1759942359.9449153
28588,chrome.exe,running,0.0,0.4637382986287431,74.69921875,28,64,46531.31419324875,1,17.90625,2.953125,20.859375,2260.3396835772182,64740848,40435728,105176576,33113,0.6135175633831196,61301,0,61301,0,0,0,0,0,0,0,0,1.0,1,0,1,9,0,335,1759943493.3658764,34.3,80.0,3221.23828125,0.0,0.0,0.0,1759942359.9449153
29060,GetHelp.exe,running,0.0,0.25627706635509895,41.28125,16,32,121244.60906004906,3,4.875,4.15625,9.03125,14.081722999778124,1674660,32673,1707333,489,0.05136419736876657,12290,0,12290,0,0,0,0,0,0,0,0,1.0,0,0,0,109,0,335,1759943498.5624723,34.3,80.0,3221.23828125,0.0,0.0,0.0,1759942359.9449153
29108,SearchIndexer.exe,running,0.0,0.2439336686663456,39.29296875,12,0,394308.8963098526,1,531.75,156.5625,688.3125,28485.45696309552,10578629504,653439592,11232069096,5145737,0.8820180562403525,953702,0,953702,0,0,0,0,0,0,0,0,1.0,1,0,1,0,0,335,1759943503.0450656,34.3,80.0,3221.23828125,0.0,0.0,0.0,1759942359.9449153
29308,RuntimeBroker.exe,running,0.0,0.11657114477374722,18.77734375,3,32,122470.09734869003,3,0.234375,0.46875,0.703125,0.10803453484918392,13231,0,13231,1,0.0014202023788389845,1991,0,1991,0,0,0,0,0,0,0,0,1.0,0,0,0,1,0,335,1759943507.8250163,34.3,80.0,3221.23828125,0.0,0.0,0.0,1759942359.9449153
29508,sihost.exe,running,0.0,0.1868484856421307,30.09765625,12,32,122511.75054216385,3,12.890625,27.5,40.390625,49.883288525019715,6111289,0,6111289,1491,0.03560033785699576,37096,0,37096,0,0,0,0,0,0,0,0,1.0,0,0,0,4,0,335,1759943512.8434455,34.3,80.0,3221.23828125,0.0,0.0,0.0,1759942359.9449153
29748,WindowsPackageManagerServer.exe,running,0.0,0.1460352473117341,23.5234375,6,32,115682.09208464622,3,2.515625,1.9375,4.453125,2.19955392761929,250535,3914,254449,1152,0.2055261925469994,782,0,782,0,0,0,0,0,0,0,0,1.0,0,0,0,10,0,335,1759943517.7424521,34.3,80.0,3221.23828125,0.0,0.0,0.0,1759942359.9449153
30056,svchost.exe,running,0.0,0.07818293545882277,12.59375,4,32,122286.22901439667,3,0.21875,0.328125,0.546875,0.052581554373084816,6430,0,6430,1,0.0018252338580880675,78,0,78,0,0,0,0,0,0,0,0,1.0,0,0,0,2,0,335,1759943522.5716596,34.3,80.0,3221.23828125,0.0,0.0,0.0,1759942359.9449153
30128,chrome.exe,running,0.0,1.8297813933343712,294.7421875,28,64,104137.00476408005,1,595.75,57.671875,653.421875,5514.267769664835,53881470,520357859,574239329,609558,0.48263476882400835,1793317,0,1793317,0,0,0,0,0,0,0,0,1.0,1,0,0,42,0,335,1759943527.441027,34.3,80.0,3221.23828125,0.0,0.0,0.0,1759942359.9449153
30232,fontdrvhost.exe,running,0.0,0.014598674673142466,2.3515625,5,0,129251.85760831833,3,0.109375,0.078125,0.1875,0.018715398329751505,2419,0,2419,1,0.005305039787798408,5354,0,5354,0,0,0,0,0,0,0,0,1.0,0,0,0,0,0,335,1759943531.9596376,34.3,80.0,3221.23828125,0.0,0.0,0.0,1759942359.9449153
30668,Code.exe,running,0.0,1.5417849474568963,248.3515625,25,32,12717.138711929321,1,66.609375,24.90625,91.515625,59703.55692415127,214832588,544425827,759258415,260017,0.7396667663492116,739676,0,739676,0,0,0,0,0,0,0,0,1.0,1,0,1,38,11,335,1759943536.8184676,34.3,80.0,3221.23828125,0.0,0.0,0.0,1759942359.9449153
30888,msedgewebview2.exe,running,0.0,0.03610868204038061,5.81640625,22,32768,122372.85734605789,1,1.09375,1.5625,2.65625,40.986392806178706,4359142,656480,5015622,2129,0.444908834439162,10467,0,10467,0,0,0,0,0,0,0,0,1.0,1,0,0,6,0,341,1759943542.5489147,34.3,80.0,3221.23828125,0.0,0.0,0.0,1759942359.9449153
31216,RuntimeBroker.exe,running,0.0,0.027912083968084676,4.49609375,3,32,122378.90049600601,3,0.15625,0.296875,0.453125,0.044345879706421426,5427,0,5427,1,0.002202036884117809,1059,0,1059,0,0,0,0,0,0,0,0,1.0,0,0,0,0,0,339,1759943547.4376795,34.3,80.0,3221.23828125,0.0,0.0,0.0,1759942359.9449153
31348,NVIDIA Web Helper.exe,running,0.0,0.040255481656838024,6.484375,84,16384,122549.26448583603,3,2.59375,1.765625,4.359375,102.12568025201412,12473039,42388,12515427,1090,0.20002293841036817,86419,0,86419,0,0,0,0,0,0,0,0,1.0,0,0,0,6,2,339,1759943552.3879633,34.3,80.0,3221.23828125,0.0,0.0,0.0,1759942359.9449153
31368,pet.exe,running,0.0,0.04183175051689494,6.73828125,1,32,12735.387197971344,1,0.453125,0.734375,1.1875,12.652461797601843,8947,152187,161134,846,0.4160314728300959,196,0,196,0,0,0,0,0,0,0,0,1.0,1,0,0,3,0,339,1759943557.1363516,34.3,80.0,3221.23828125,0.0,0.0,0.0,1759942359.9449153
31372,chrome.exe,running,0.0,0.44271329706459933,71.3125,30,32,121698.46230840683,1,195.3125,184.140625,379.453125,14748.302270668983,644071324,1150774384,1794845708,2251609,0.8557794886732293,3946116,0,3946116,0,0,0,0,0,0,0,0,1.0,1,0,1,35,18,338,1759943562.4636343,34.3,80.0,3221.23828125,0.0,0.0,0.0,1759942359.9449153
31492,WidgetService.exe,running,0.0,0.09814092425615872,15.80859375,5,32,122503.93352222443,3,1.25,1.953125,3.203125,0.20645867665475062,23617,1675,25292,6,0.0018696685233513808,704,0,704,0,0,0,0,0,0,0,0,1.0,0,0,0,10,0,343,1759943568.3865614,34.3,80.0,3221.23828125,0.0,0.0,0.0,1759942359.9449153
31840,chrome.exe,running,0.0,0.37425472795782,60.28515625,20,32,32752.59607386589,1,0.515625,0.25,0.765625,23.81112013964238,383406,396470,779876,2848,0.7881282645542911,7774,0,7774,0,0,0,0,0,0,0,0,1.0,1,0,1,120,0,341,1759943573.7489192,34.3,80.0,3221.23828125,0.0,0.0,0.0,1759942359.9449153
32272,svchost.exe,running,0.0,0.01753295978186379,2.82421875,3,0,1164599.259191513,3,1.828125,2.734375,4.5625,0.0,0,0,0,0,0.0,87,0,87,0,0,0,0,0,0,0,0,1.0,0,0,0,0,0,341,1759943578.5998628,34.3,80.0,3221.23828125,0.0,0.0,0.0,1759942359.9449153
32288,NVDisplay.Container.exe,running,0.0,0.17188605661666742,27.6875,32,0,129298.47161722183,3,19.5,23.65625,43.15625,594.8022589754759,64442459,12464564,76907023,1618,0.036136842046488774,216415,0,216415,0,0,0,0,0,0,0,0,1.0,0,0,0,0,0,340,1759943583.3389125,34.3,80.0,3221.23828125,0.0,0.0,0.0,1759942359.9449153
32360,Code.exe,running,0.0,0.6044869826867478,97.37109375,20,32,12768.788769721985,1,3.828125,5.328125,9.15625,455.963451584826,1239405,4582696,5822101,1404,0.1329513979309202,173183,0,173183,0,0,0,0,0,0,0,0,1.0,1,0,0,8,0,340,1759943588.428761,34.3,80.0,3221.23828125,0.0,0.0,0.0,1759942359.9449153
32432,svchost.exe,running,0.0,0.019933738507181237,3.2109375,6,0,610781.7246990204,3,1.296875,1.8125,3.109375,0.07627765880349158,797,45792,46589,55,0.01738099940746593,1710,0,1710,0,0,0,0,0,0,0,0,1.0,0,0,0,0,6,340,1759943593.263459,34.3,80.0,3221.23828125,0.0,0.0,0.0,1759942359.9449153
32512,svchost.exe,running,0.0,0.008099596911677049,1.3046875,4,0,1413558.4399371147,3,1.28125,1.296875,2.578125,0.0,0,0,0,0,0.0,37,0,37,0,0,0,0,0,0,0,0,1.0,0,0,0,0,0,338,1759943598.0042298,34.3,80.0,3221.23828125,0.0,0.0,0.0,1759942359.9449153
32828,FileSyncHelper.exe,running,0.0,0.08851355906473421,14.2578125,4,0,548561.3286495209,1,3.0,3.0625,6.0625,1.8138737603862793,984890,10131,995021,19118,0.7592382994777706,13309,0,13309,0,0,0,0,0,0,0,0,1.0,1,0,1,0,0,338,1759943603.3542035,34.3,80.0,3221.23828125,0.0,0.0,0.0,1759942359.9449153
33032,conhost.exe,running,0.0,0.0536416418222444,8.640625,5,32,12786.719705104828,3,0.015625,0.015625,0.03125,0.023149017639123522,3,293,296,8,0.20382165605095542,376,0,376,0,0,0,0,0,0,0,0,1.0,0,0,0,1,0,338,1759943609.3860955,34.3,80.0,3221.23828125,0.0,0.0,0.0,1759942359.9449153
33140,explorer.exe,running,14.3,1.536304381881929,247.46875,67,32,122611.82090377808,3,273.84375,322.1875,596.03125,295.66361328610657,29851307,6400547,36251854,24912,0.04011960835390352,2029012,0,2029012,0,0,0,0,0,0,0,0,1.0,0,0,0,50,0,338,1759943613.8707314,34.3,80.0,3221.23828125,0.0,0.0,0.0,1759942359.9449153
33152,msedgewebview2.exe,running,0.0,0.06870107200832658,11.06640625,24,32,122447.96741628647,1,6.25,8.359375,14.609375,190.40697442315357,8558209,14756738,23314947,29609,0.6696085055138277,63925,0,63925,0,0,0,0,0,0,0,0,1.0,1,0,1,22,3,338,1759943617.6164076,34.3,80.0,3221.23828125,0.0,0.0,0.0,1759942359.9449153
33356,msedgewebview2.exe,running,0.0,0.023862285512246156,3.84375,8,32,122617.75577235222,1,0.09375,0.09375,0.1875,0.022150136274247504,2596,120,2716,78,0.2937853107344633,762,0,762,0,0,0,0,0,0,0,0,1.0,1,0,0,1,0,338,1759943621.30129,34.3,80.0,3221.23828125,0.0,0.0,0.0,1759942359.9449153
33400,conhost.exe,running,0.0,0.04027973194699275,6.48828125,2,32,12554.347249507904,3,0.015625,0.015625,0.03125,0.0,0,0,0,0,0.0,44,0,44,0,0,0,0,0,0,0,0,1.0,0,0,0,1,0,338,1759943625.0093129,34.3,80.0,3221.23828125,0.0,0.0,0.0,1759942359.9449153
33640,Code.exe,running,0.0,0.18003415410865392,29.0,19,32,121771.7945971489,1,9.1875,8.203125,17.390625,156.20176300206506,10430158,8590811,19020969,51095,0.7460689743285543,98525,0,98525,0,0,0,0,0,0,0,0,1.0,1,0,1,15,8,338,1759943629.1349564,34.3,80.0,3221.23828125,0.0,0.0,0.0,1759942359.9449153
34156,svchost.exe,running,0.0,0.01762996094248268,2.83984375,5,0,1576866.568235159,3,1.515625,1.671875,3.1875,0.0,0,0,0,0,0.0,42,0,42,0,0,0,0,0,0,0,0,1.0,0,0,0,0,0,338,1759943632.7158148,34.3,80.0,3221.23828125,0.0,0.0,0.0,1759942359.9449153
34196,msedgewebview2.exe,running,0.0,0.42474383205995064,68.41796875,29,64,121391.93717479706,1,11.25,2.953125,14.203125,234.39735506508995,15558757,12895192,28453949,40452,0.7401318723541479,85290,0,85290,0,0,0,0,0,0,0,0,1.0,1,0,1,36,0,338,1759943636.7981706,34.3,80.0,3221.23828125,0.0,0.0,0.0,1759942359.9449153
34260,chrome.exe,running,0.0,2.3136474327915333,372.68359375,44,32,121777.58555865288,1,793.0625,837.921875,1630.984375,70297.8035467523,4916162947,3644533839,8560696786,5829221,0.7813754054994766,13774625,0,13774625,0,0,0,0,0,0,0,0,1.0,1,0,1,368,2,338,1759943641.5216682,34.3,80.0,3221.23828125,0.0,0.0,0.0,1759942359.9449153
34400,svchost.exe,running,0.0,0.018187717616041276,2.9296875,2,0,1576864.274620533,3,1.53125,1.921875,3.453125,0.12468289323588934,98304,98304,196608,1,0.0002895089204936127,919,0,919,0,0,0,0,0,0,0,0,1.0,0,0,0,0,0,338,1759943644.7372165,34.3,80.0,3221.23828125,0.0,0.0,0.0,1759942359.9449153
34532,RuntimeBroker.exe,running,0.0,0.28869970429196185,46.50390625,15,32,122645.71239185333,1,5.796875,6.078125,11.875,36.5772672563316,3828174,657871,4486045,5908,0.3322274081988416,13615,0,13615,0,0,0,0,0,0,0,0,1.0,1,0,0,13,0,339,1759943648.5517807,34.3,80.0,3221.23828125,0.0,0.0,0.0,1759942359.9449153
34536,cmd.exe,running,0.0,0.026796570620967478,4.31640625,1,32,18975.6197180748,3,0.015625,0.0,0.015625,0.0,0,0,0,0,0.0,69,0,69,0,0,0,0,0,0,0,0,1.0,0,0,0,0,0,339,1759943652.292449,34.3,80.0,3221.23828125,0.0,0.0,0.0,1759942359.9449153
34612,LockApp.exe,stopped,0.0,0.4949241717677152,79.72265625,14,32,10585.985127449036,3,0.4375,0.3125,0.75,13.147949701828077,88618,50566,139184,182,0.19527896995708155,3523,0,3523,0,0,0,0,0,0,0,0,1.0,0,0,0,10,0,339,1759943656.3514163,34.3,80.0,3221.23828125,0.0,0.0,0.0,1759942359.9449153
35372,unsecapp.exe,running,0.0,0.0330773957710404,5.328125,2,32,122659.34867548943,3,0.15625,0.296875,0.453125,0.0,0,0,0,0,0.0,1366,0,1366,0,0,0,0,0,0,0,0,1.0,0,0,0,0,0,336,1759943660.0843475,34.3,80.0,3221.23828125,0.0,0.0,0.0,1759942359.9449153
35684,PhoneExperienceHost.exe,running,0.0,0.5284623230516953,85.125,19,32,122656.48040890694,3,6.9375,8.265625,15.203125,10.565597477439871,1098193,197746,1295939,224,0.01451987975724576,77207,0,77207,0,0,0,0,0,0,0,0,1.0,0,0,0,151,0,337,1759943664.0858145,34.3,80.0,3221.23828125,0.0,0.0,0.0,1759942359.9449153
35712,java.exe,running,0.0,0.29044572518310185,46.78515625,41,32,122478.23898100853,3,183.4375,77.953125,261.390625,240.85391205350504,29480727,18636,29499363,5824,0.021795214240238534,4187787,0,4187787,0,0,0,0,0,0,0,0,1.0,0,0,0,35,2,336,1759943667.6591845,34.3,80.0,3221.23828125,0.0,0.0,0.0,1759942359.9449153
36232,browserhost.exe,running,0.0,0.09421237725109381,15.17578125,44,32,18994.34846520424,1,0.078125,0.125,0.203125,73.97605675046202,1393066,12061,1405127,147,0.41985005355230276,5920,0,5920,0,0,0,0,0,0,0,0,1.0,1,0,0,0,0,336,1759943671.0573287,34.3,80.0,3221.23828125,0.0,0.0,0.0,1759942359.9449153
36280,python.exe,running,0.0,0.05635767431957324,9.078125,1,32,12604.320641756058,3,0.21875,0.140625,0.359375,115.16225596413965,1451460,82,1451542,134,0.27159868254370406,432,0,432,0,0,0,0,0,0,0,0,1.0,0,0,0,28,0,336,1759943674.4470189,34.3,80.0,3221.23828125,0.0,0.0,0.0,1759942359.9449153
36532,chrome.exe,running,0.0,0.39952353029904,64.35546875,21,64,5452.822002887726,1,0.3125,0.25,0.5625,277.49172798941174,1073172,439941,1513113,3505,0.8617086662569146,8193,0,8193,0,0,0,0,0,0,0,0,1.0,1,0,1,38,0,336,1759943678.0088408,34.3,80.0,3221.23828125,0.0,0.0,0.0,1759942359.9449153
36704,RuntimeBroker.exe,running,0.0,0.034580913760633145,5.5703125,3,32,122495.36442422867,3,0.296875,0.296875,0.59375,0.05353671978384577,6558,0,6558,1,0.0016813787305590584,827,0,827,0,0,0,0,0,0,0,0,1.0,0,0,0,0,0,336,1759943681.377019,34.3,80.0,3221.23828125,0.0,0.0,0.0,1759942359.9449153
36796,Nahimic3.exe,stopped,0.0,0.2470619560963047,39.796875,17,32,122647.30286622047,1,0.359375,0.203125,0.5625,0.20526338053646428,13187,11988,25175,292,0.3417203042715038,4218,0,4218,0,0,0,0,0,0,0,0,1.0,1,0,0,14,0,336,1759943684.7915733,34.3,80.0,3221.23828125,0.0,0.0,0.0,1759942359.9449153
36944,conhost.exe,running,0.0,0.06278400121057448,10.11328125,3,32,19011.470555067062,3,0.0625,0.0,0.0625,0.40486084323174804,7697,0,7697,13,0.17218543046357615,1316,0,1316,0,0,0,0,0,0,0,0,1.0,0,0,0,4,0,336,1759943688.1064515,34.3,80.0,3221.23828125,0.0,0.0,0.0,1759942359.9449153
36948,unsecapp.exe,running,0.0,0.04105574123194384,6.61328125,2,32,122688.44680523872,3,0.296875,0.4375,0.734375,0.0,0,0,0,0,0.0,2912,0,2912,0,0,0,0,0,0,0,0,1.0,0,0,0,0,0,336,1759943691.4385102,34.3,80.0,3221.23828125,0.0,0.0,0.0,1759942359.9449153
36972,taskhostw.exe,running,0.0,0.11121183064955371,17.9140625,9,32,122693.88675904274,3,2.828125,3.78125,6.609375,411.92389722933837,1736704,48803840,50540544,2630,0.28465128864235945,7719,0,7719,0,0,0,0,0,0,0,0,1.0,0,0,0,8,0,336,1759943694.995511,34.3,80.0,3221.23828125,0.0,0.0,0.0,1759942359.9449153
37332,backgroundTaskHost.exe,running,0.0,0.21769485471893674,35.06640625,9,32,121442.33409023285,3,1.421875,1.5625,2.984375,21.55434527514178,2609589,8021,2617610,251,0.07757987868485106,3195,0,3195,0,0,0,0,0,0,0,0,1.0,0,0,0,7,0,336,1759943698.6378462,34.3,80.0,3221.23828125,0.0,0.0,0.0,1759942359.9449153
37700,gamingservices.exe,running,0.0,0.15549286047207556,25.046875,50,0,1064760.0558867455,3,73.640625,141.5,215.140625,21.978489773933784,8792036,14609782,23401818,682,0.0031600023398844304,327439,0,327439,0,0,0,0,0,0,0,0,1.0,0,0,0,0,0,336,1759943701.8385322,34.3,80.0,3221.23828125,0.0,0.0,0.0,1759942359.9449153
38080,chrome.exe,running,0.0,0.7549357828066413,121.60546875,28,64,40771.854281425476,1,22.75,4.40625,27.15625,676.7503829859,9368328,18224040,27592368,47567,0.6365756307441124,134726,0,134726,0,0,0,0,0,0,0,0,1.0,1,0,1,47,0,335,1759943705.496771,34.3,80.0,3221.23828125,0.0,0.0,0.0,1759942359.9449153
38116,Code.exe,running,0.0,0.6100160488420244,98.26171875,8,32,12882.895374774933,1,0.96875,0.171875,1.140625,89.3202938101252,1139108,11596,1150704,827,0.42030366558668447,6211,0,6211,0,0,0,0,0,0,0,0,1.0,1,0,0,21,0,335,1759943709.00762,34.3,80.0,3221.23828125,0.0,0.0,0.0,1759942359.9449153
38452,chrome.exe,running,0.0,0.6173638867589051,99.4453125,28,64,42355.25594782829,1,16.203125,2.5,18.703125,260.9949285542401,5153538,5900969,11054507,27283,0.5932876492637725,91811,0,91811,0,0,0,0,0,0,0,0,1.0,1,0,1,35,0,335,1759943712.4971294,34.3,80.0,3221.23828125,0.0,0.0,0.0,1759942359.9449153
38516,svchost.exe,running,0.0,0.0970981617795057,15.640625,9,32,122713.99527144432,3,1.359375,1.34375,2.703125,0.0,0,0,0,0,0.0,17193,0,17193,0,0,0,0,0,0,0,0,1.0,0,0,0,3,0,335,1759943715.9218698,34.3,80.0,3221.23828125,0.0,0.0,0.0,1759942359.9449153
38692,StartMenuExperienceHost.exe,running,0.0,0.7478546980814625,120.46484375,12,32,122716.89874339104,1,7.0,5.03125,12.03125,62.58446129786684,6206023,1474148,7680171,10456,0.4649745967159168,32430,0,32430,0,0,0,0,0,0,0,0,1.0,1,0,0,21,0,335,1759943719.4564183,34.3,80.0,3221.23828125,0.0,0.0,0.0,1759942359.9449153
38788,chrome.exe,running,0.0,0.6301922902507529,101.51171875,28,64,97598.70638036728,1,22.625,3.71875,26.34375,139.1515369791,5622935,7958075,13581010,42569,0.6177231354139836,127568,0,127568,0,0,0,0,0,0,0,0,1.0,1,0,1,35,0,335,1759943722.911004,34.3,80.0,3221.23828125,0.0,0.0,0.0,1759942359.9449153
38808,cmd.exe,running,0.0,0.014040917999583865,2.26171875,1,32,122537.35215711594,1,0.03125,0.03125,0.0625,5.317635712941754,651609,0,651609,444,0.876604146100691,421,0,421,0,0,0,0,0,0,0,0,1.0,1,0,1,0,0,335,1759943726.3442616,34.3,80.0,3221.23828125,0.0,0.0,0.0,1759942359.9449153
38864,browserhost.exe,running,0.0,0.09753466700229069,15.7109375,46,32,19053.001834869385,1,0.078125,0.171875,0.25,75.5928652336622,1408607,31664,1440271,506,0.6693121693121693,8366,0,8366,0,0,0,0,0,0,0,0,1.0,1,0,1,0,0,335,1759943729.7438695,34.3,80.0,3221.23828125,0.0,0.0,0.0,1759942359.9449153
39084,chrome.exe,running,0.0,0.1022392232923067,16.46875,11,32,106225.52210330963,1,1.5625,0.90625,2.46875,150.75331881565836,15626706,387144,16013850,3449,0.582822863419374,20843,0,20843,0,0,0,0,0,0,0,0,1.0,1,0,1,10,0,335,1759943733.1527722,34.3,80.0,3221.23828125,0.0,0.0,0.0,1759942359.9449153
39444,Lenovo.Modern.ImController.PluginHost.Device.exe,running,0.0,0.21883461835620865,35.25,10,32,5388.098145246506,3,3.984375,8.578125,12.5625,81.67408761628393,439670,398,440068,84,0.0066421539556399,228513,0,228513,0,0,0,0,0,0,0,0,1.0,0,0,0,19,0,335,1759943736.689319,34.3,80.0,3221.23828125,0.0,0.0,0.0,1759942359.9449153
39864,svchost.exe,running,0.0,0.01801796558495822,2.90234375,5,0,122742.479211092,3,0.140625,0.0625,0.203125,0.0,0,0,0,0,0.0,60,0,60,0,0,0,0,0,0,0,0,1.0,0,0,0,0,0,335,1759943739.8134584,34.3,80.0,3221.23828125,0.0,0.0,0.0,1759942359.9449153
39968,chrome.exe,running,0.0,0.3887564014703436,62.62109375,21,64,29809.362940073013,1,0.4375,0.203125,0.640625,60.11601132176395,988679,803341,1792020,2940,0.8210857043113982,7051,0,7051,0,0,0,0,0,0,0,0,1.0,1,0,1,35,0,335,1759943743.5720506,34.3,80.0,3221.23828125,0.0,0.0,0.0,1759942359.9449153
40072,msedgewebview2.exe,running,0.0,0.3650881182793352,58.80859375,22,32768,122742.85477280617,1,6.140625,2.65625,8.796875,46.587518357662425,4407510,1310775,5718285,7522,0.46093863700775944,30941,0,30941,0,0,0,0,0,0,0,0,1.0,1,0,0,5,0,335,1759943747.2627132,34.3,80.0,3221.23828125,0.0,0.0,0.0,1759942359.9449153
40508,ApplicationFrameHost.exe,running,0.0,0.24366691547464364,39.25,8,32,122713.25023579597,3,4.859375,6.1875,11.046875,0.2769953524553022,33983,8,33991,46,0.004146805945257654,12683,0,12683,0,0,0,0,0,0,0,0,1.0,0,0,0,12,0,335,1759943750.70294,34.3,80.0,3221.23828125,0.0,0.0,0.0,1759942359.9449153
41336,backgroundTaskHost.exe,stopped,0.0,0.0088271056163187,1.421875,13,32,45576.64209532738,3,0.453125,0.171875,0.625,0.0,0,0,0,0,0.0,1043,0,1043,0,0,0,0,0,0,0,0,1.0,0,0,0,25,0,335,1759943754.1822736,34.3,80.0,3221.23828125,0.0,0.0,0.0,1759942359.9449153
41480,ONENOTEM.EXE,running,0.0,0.01811496674557711,2.91796875,2,32,122572.7191464901,3,0.171875,0.234375,0.40625,0.2523807925238952,30935,0,30935,22,0.05137186223000584,1134,0,1134,0,0,0,0,0,0,0,0,1.0,0,0,0,2,0,335,1759943757.769312,34.3,80.0,3221.23828125,0.0,0.0,0.0,1759942359.9449153
41616,DataExchangeHost.exe,running,0.0,0.057448937376535704,9.25390625,1,32768,114870.04385757446,3,0.46875,0.875,1.34375,0.4703140887365268,53809,216,54025,141,0.09496548240444519,725,0,725,0,0,0,0,0,0,0,0,1.0,0,0,0,4,0,335,1759943761.0313547,34.3,80.0,3221.23828125,0.0,0.0,0.0,1759942359.9449153
41844,chrome.exe,running,0.0,0.03283489286949318,5.2890625,7,32,121901.07889270782,1,0.21875,0.3125,0.53125,0.5357130600745365,52068,13236,65304,2348,0.815490145003039,3729,0,3729,0,0,0,0,0,0,0,0,1.0,1,0,1,2,0,335,1759943764.1375463,34.3,80.0,3221.23828125,0.0,0.0,0.0,1759942359.9449153
42148,Video.UI.exe,stopped,0.0,0.008051096331367604,1.296875,16,32,111837.6320719719,1,0.28125,0.421875,0.703125,80.96458081455825,8844148,210739,9054887,570,0.4477172312223859,1676,0,1676,0,0,0,0,0,0,0,0,1.0,1,0,0,12,0,335,1759943767.2746317,34.3,80.0,3221.23828125,0.0,0.0,0.0,1759942359.9449153
42248,ms-teams.exe,running,0.0,0.189176513496984,30.47265625,58,32,122602.70199465752,3,39.921875,500.390625,540.3125,165.54288502454384,17050354,3245651,20296005,28946,0.050848603929497756,544704,0,544704,0,0,0,0,0,0,0,0,1.0,0,0,0,23,0,335,1759943770.5386844,34.3,80.0,3221.23828125,0.0,0.0,0.0,1759942359.9449153
42276,chrome.exe,running,0.0,0.789201442795263,127.125,33,64,121527.17714214325,1,1255.296875,107.34375,1362.640625,19292.185280151338,328088259,2016436559,2344524818,1330660,0.4940629306837962,3971386,0,3971386,0,0,0,0,0,0,0,0,1.0,1,0,0,65,0,334,1759943773.901441,34.3,80.0,3221.23828125,0.0,0.0,0.0,1759942359.9449153
42280,Code.exe,running,33.2,2.7850003225288593,448.609375,28,32,12962.772461891174,1,713.125,82.28125,795.40625,203286.89458578595,659093990,1976067769,2635161759,1113145,0.583240822063332,2692802,0,2692802,0,0,0,0,0,0,0,0,1.0,1,0,1,55,0,338,1759943777.5022962,34.3,80.0,3221.23828125,0.0,0.0,0.0,1759942359.9449153
42444,svchost.exe,running,0.0,0.14877553009921765,23.96484375,4,32,122659.99078011513,1,44.0625,12.59375,56.65625,2436.4165372858306,214902106,83948724,298850830,43015,0.4315687823720481,28363,0,28363,0,0,0,0,0,0,0,0,1.0,1,0,0,9,0,340,1759943781.2585077,34.3,80.0,3221.23828125,0.0,0.0,0.0,1759942359.9449153
42972,msedge.exe,running,0.0,0.07359963061958037,11.85546875,10,32,43225.961706638336,1,0.203125,0.28125,0.484375,10.2813675498109,243808,200614,444422,213,0.30543108083886,3300,0,3300,0,0,0,0,0,0,0,0,1.0,1,0,0,13,0,340,1759943784.6908789,34.3,80.0,3221.23828125,0.0,0.0,0.0,1759942359.9449153
43208,LenovoVantage-(GenericMessagingAddin).exe,running,0.0,0.02092800040352483,3.37109375,9,64,122488.25501585007,3,3.28125,2.046875,5.328125,20.483204693179275,2505838,3114,2508952,995,0.15735890085993873,1675,0,1675,0,0,0,0,0,0,0,0,1.0,0,0,0,39,0,338,1759943788.2019093,34.3,80.0,3221.23828125,0.0,0.0,0.0,1759942359.9449153
43284,msedge.exe,running,0.0,0.6112285633497605,98.45703125,51,32,43234.63418841362,1,7.75,8.921875,16.671875,1180.0708149318111,29112016,21907914,51019930,8520,0.33820428213461684,97697,0,97697,0,0,0,0,0,0,0,0,1.0,1,0,0,104,0,338,1759943792.0008998,34.3,80.0,3221.23828125,0.0,0.0,0.0,1759942359.9449153
43644,AppActions.exe,running,0.0,0.09746191613182652,15.69921875,6,32,122193.24190306664,3,2.046875,1.03125,3.078125,0.4181900668494954,51100,0,51100,29,0.009333386973488353,1452,0,1452,0,0,0,0,0,0,0,0,1.0,0,0,0,0,0,338,1759943795.4322536,34.3,80.0,3221.23828125,0.0,0.0,0.0,1759942359.9449153
43976,conhost.exe,running,0.0,0.06300225382196699,10.1484375,3,32,19122.726826429367,3,0.03125,0.015625,0.046875,0.08283337488306146,1584,0,1584,12,0.20382165605095542,1344,0,1344,0,0,0,0,0,0,0,0,1.0,0,0,0,4,0,340,1759943799.4009476,34.3,80.0,3221.23828125,0.0,0.0,0.0,1759942359.9449153
