snapshot_id,system_timestamp,system_cpu_percent,system_memory_percent,system_load_1min,system_process_count,timestamp,pid,name,status,ppid,cpu_percent,memory_percent,memory_mb,num_threads,nice,process_age,process_type,io_intensity,user_time,system_time,cmdline
0,1757614829.447797,0.0,69.6,0,299,1757614829.4878716,0,System Idle Process,running,0,1432.9,4.85005803094434e-05,0.0078125,48,0,1757614829.4878716,other,0.0,0.0,40082.73437499999,
0,1757614829.447797,0.0,69.6,0,299,1757614831.2891078,6528,python.exe,running,2868,84.6,1.1178171246818969,180.05859375,38,32,18.026503086090088,development,37.32313060760498,3.84375,10.96875,C:\Users\Apurav\AppData\Local\Programs\Python\Python312\python.exe temp.py
0,1757614829.447797,0.0,69.6,0,299,1757614833.464287,21612,Code.exe,running,4328,24.8,2.148114952195403,346.01953125,27,32,1357.7342944145203,interactive,520.2244510650635,119.546875,16.40625,C:\Users\Apurav\AppData\Local\Programs\Microsoft VS Code\Code.exe --type=renderer --user-data-dir=C:\Users\Apurav\AppData\Roaming\Code
0,1757614829.447797,0.0,69.6,0,299,1757614829.6181195,1448,dwm.exe,running,1592,20.9,0.7008091351813024,112.88671875,18,0,2988.644782781601,other,2.8484973907470703,257.0,102.453125,
0,1757614829.447797,0.0,69.6,0,299,1757614829.5281203,4,System,running,0,7.2,0.01794521471449406,2.890625,401,0,1757614829.5281203,other,222.60475635528564,0.0,445.34375,
0,1757614829.447797,0.0,69.6,0,299,1757614831.4921162,8020,Code.exe,running,4328,5.2,1.0251325157105504,165.12890625,20,32768,2670.6515440940857,interactive,996.3512420654297,111.421875,35.84375,C:\Users\Apurav\AppData\Local\Programs\Microsoft VS Code\Code.exe --type=gpu-process --user-data-dir=C:\Users\Apurav\AppData\Roaming\Code
0,1757614829.447797,0.0,69.6,0,299,1757614830.4271204,4328,Code.exe,running,23328,3.7,0.9418812696093909,151.71875,53,32,2670.8445060253143,interactive,245.5585880279541,32.28125,34.828125,C:\Users\Apurav\AppData\Local\Programs\Microsoft VS Code\Code.exe
0,1757614829.447797,0.0,69.6,0,299,1757614830.0141191,2548,svchost.exe,running,1532,3.5,0.05558166503462214,8.953125,8,0,2988.96892285347,other,0.0,34.28125,33.390625,
0,1757614829.447797,0.0,69.6,0,299,1757614830.9401057,5608,mongod.exe,running,1532,2.0,0.2622426377331605,42.2421875,34,0,2989.00829410553,other,1210.7205333709717,20.6875,32.453125,
0,1757614829.447797,0.0,69.6,0,299,1757614833.2760758,20240,chrome.exe,running,11924,1.3,1.520711445312443,244.95703125,44,32,2938.6539101600647,interactive,950.9983100891113,74.953125,57.21875,C:\Program Files\Google\Chrome\Application\chrome.exe
0,1757614829.447797,0.0,69.6,0,299,1757614830.416121,4304,svchost.exe,running,1532,0.8,0.07680066892000362,12.37109375,8,0,2988.7449913024902,other,0.0,14.0625,21.171875,
0,1757614829.447797,0.0,69.6,0,299,1757614831.6431067,9028,ipf_helper.exe,running,6152,0.5,0.04954334278609643,7.98046875,4,32,2988.593878507614,other,0.11969566345214844,0.25,5.171875,C:\WINDOWS\System32\DriverStore\FileRepository\ipf_cpu.inf_amd64_b25cc008923a9297\ipf_helper.exe
0,1757614829.447797,0.0,69.6,0,299,1757614832.456953,13664,java.exe,running,14356,0.5,0.7076719672950887,113.9921875,42,32,2710.360153913498,development,28.4935884475708,23.921875,8.96875, C:\Xilinx\xic\tps\win64\jre21.0.1_12\bin\java.exe -DLOAD_64_NATIVE=true
0,1757614829.447797,0.0,69.6,0,299,1757614832.3358405,12560,Code.exe,running,4328,0.3,0.9435060390497572,151.98046875,19,32,2666.5297384262085,interactive,253.1718578338623,20.09375,13.484375,C:\Users\Apurav\AppData\Local\Programs\Microsoft VS Code\Code.exe --type=utility --utility-sub-type=node.mojom.NodeService
0,1757614829.447797,0.0,69.6,0,299,1757614833.34408,20704,EpicGamesLauncher.exe,running,11924,0.3,0.9291741175683167,149.671875,89,32,2924.5542550086975,other,2400.1186809539795,193.6875,770.921875,C:\Program Files (x86)\Epic Games\Launcher\Portal\Binaries\Win64\EpicGamesLauncher.exe -silent -launchcontext=boot
0,1757614829.447797,0.0,69.6,0,299,1757614833.6032882,22704,Code.exe,running,4328,0.3,4.622929813355217,744.6640625,23,32,1298.8312380313873,interactive,243.37957096099854,45.953125,10.328125,C:\Users\Apurav\AppData\Local\Programs\Microsoft VS Code\Code.exe --type=utility --utility-sub-type=node.mojom.NodeService
0,1757614829.447797,0.0,69.6,0,299,1757614829.666121,1532,services.exe,running,1456,0.2,0.11715315173746053,18.87109375,8,0,2989.0973517894745,service,0.043292999267578125,2.75,3.96875,
0,1757614829.447797,0.0,69.6,0,299,1757614830.1391194,3060,svchost.exe,running,1532,0.2,0.06787656214306605,10.93359375,10,0,2989.0070130825043,other,0.004680633544921875,4.65625,5.609375,
0,1757614829.447797,0.0,69.6,0,299,1757614830.1621213,3116,svchost.exe,running,1532,0.2,0.11317610415208619,18.23046875,6,0,2988.863454580307,other,7.2633209228515625,2.734375,16.359375,
0,1757614829.447797,0.0,69.6,0,299,1757614830.5474706,5028,WhatsApp.exe,running,1772,0.2,2.1350682960921628,343.91796875,29,32,1401.2736377716064,other,25.478910446166992,16.4375,7.671875,C:\Program Files\WindowsApps\5319275A.WhatsAppDesktop_2.2535.3.0_x64__cv1g1gvanyjgm\WhatsApp.exe -ServerName:App.AppXkf4yh0averk473g9chjmra34tgccdh3d.mca
0,1757614829.447797,0.0,69.6,0,299,1757614830.979105,5656,nvcontainer.exe,running,1532,0.2,0.2608603711943413,42.01953125,34,0,2989.0397844314575,other,13.77209758758545,1.28125,1.4375,
0,1757614829.447797,0.0,69.6,0,299,1757614831.1441078,6048,UDClientService.exe,running,1532,0.2,0.2763805568933632,44.51953125,39,0,2989.164288520813,service,195.69330024719238,9.5,12.625,
0,1757614829.447797,0.0,69.6,0,299,1757614831.3171024,7092,mysqld.exe,running,5616,0.2,0.7511042369621953,120.98828125,39,0,2989.118441581726,other,140.94694232940674,9.546875,5.0,
0,1757614829.447797,0.0,69.6,0,299,1757614831.4311094,7848,powershell.exe,running,10004,0.2,0.529796089010205,85.33984375,9,32,1286.6776044368744,other,0.7068567276000977,1.328125,1.09375,C:\WINDOWS\System32\WindowsPowerShell\v1.0\powershell.exe -noexit -command
0,1757614829.447797,0.0,69.6,0,299,1757614831.8443918,10004,Code.exe,running,4328,0.2,0.8853780935488893,142.6171875,24,32,1294.875214099884,interactive,7.555044174194336,2.484375,2.265625,C:\Users\Apurav\AppData\Local\Programs\Microsoft VS Code\Code.exe --type=utility --utility-sub-type=node.mojom.NodeService
0,1757614829.447797,0.0,69.6,0,299,1757614829.545119,236,,stopped,4,0.0,0.3918361883199933,63.1171875,1,0,3000.938601732254,other,0.0,0.0,0.0,
0,1757614829.447797,0.0,69.6,0,299,1757614829.564118,280,Registry,running,4,0.0,0.3570855225282771,57.51953125,4,0,3000.940973997116,other,19.2578125,0.0,0.640625,
0,1757614829.447797,0.0,69.6,0,299,1757614829.5821166,844,smss.exe,running,4,0.0,0.00856035242461676,1.37890625,2,0,2999.208054304123,other,2.769681930541992,0.046875,0.203125,
0,1757614829.447797,0.0,69.6,0,299,1757614829.595126,1336,svchost.exe,running,1532,0.0,0.11082382600707816,17.8515625,11,0,2988.3772683143616,other,145.76808166503906,1.046875,0.953125,
0,1757614829.447797,0.0,69.6,0,299,1757614829.606119,1348,csrss.exe,running,820,0.0,0.038703463086935834,6.234375,15,0,2991.1235690116882,other,0.27294063568115234,0.484375,2.75,
0,1757614829.447797,0.0,69.6,0,299,1757614829.632124,1456,wininit.exe,running,820,0.0,0.04840357914882452,7.796875,2,0,2989.321670293808,system,0.023441314697265625,0.046875,0.046875,
0,1757614829.447797,0.0,69.6,0,299,1757614829.646133,1464,csrss.exe,running,1448,0.0,0.04260775980184603,6.86328125,15,0,2989.335575580597,other,0.6196193695068359,0.890625,9.578125,
0,1757614829.447797,0.0,69.6,0,299,1757614829.6791189,1544,svchost.exe,running,1532,0.0,0.03407165766738399,5.48828125,2,0,2975.6512339115143,other,0.0,0.03125,0.0,
0,1757614829.447797,0.0,69.6,0,299,1757614829.6911197,1552,LsaIso.exe,running,1456,0.0,0.022310266942343965,3.59375,1,0,2989.0886602401733,other,0.0,0.015625,0.328125,
0,1757614829.447797,0.0,69.6,0,299,1757614829.7021189,1560,lsass.exe,running,1456,0.0,0.1909952852585881,30.765625,10,0,2989.0963089466095,other,2.224207878112793,4.84375,5.21875,
0,1757614829.447797,0.0,69.6,0,299,1757614829.7141185,1592,winlogon.exe,running,1448,0.0,0.09190859968639524,14.8046875,4,0,2989.1055479049683,other,0.2799339294433594,0.03125,0.21875,
0,1757614829.447797,0.0,69.6,0,299,1757614829.7281168,1628,svchost.exe,running,1532,0.0,0.13805690185083067,22.23828125,11,0,2856.0287387371063,other,0.32229042053222656,0.8125,1.46875,
0,1757614829.447797,0.0,69.6,0,299,1757614829.7391193,1632,dllhost.exe,running,1772,0.0,0.08376050219440875,13.4921875,2,32,2973.254181623459,batch,4.3359375,0.0,0.0,C:\WINDOWS\system32\DllHost.exe /Processid:{973D20D7-562D-44B9-B70B-5A0F49CCDF3F}
0,1757614829.447797,0.0,69.6,0,299,1757614829.7501185,1692,WUDFHost.exe,running,1532,0.0,0.08143247433955547,13.1171875,11,0,2988.775006055832,other,0.0474700927734375,0.203125,0.265625,
0,1757614829.447797,0.0,69.6,0,299,1757614829.76412,1700,postgres.exe,running,5788,0.0,0.1258105053226962,20.265625,3,0,2976.2252399921417,other,0.09651756286621094,0.046875,0.078125,
0,1757614829.447797,0.0,69.6,0,299,1757614829.7751193,1712,Copilot.exe,running,11252,0.0,1.1494880036239634,185.16015625,25,32,2799.5842955112457,other,1.3392362594604492,5.984375,4.515625,C:\Program Files\WindowsApps\Microsoft.Copilot_1.25084.141.0_x64__8wekyb3d8bbwe\Copilot.exe
0,1757614829.447797,0.0,69.6,0,299,1757614829.7871299,1772,svchost.exe,running,1532,0.0,0.25676207215819336,41.359375,12,0,2988.9780213832855,other,0.9201831817626953,3.125,7.5625,
0,1757614829.447797,0.0,69.6,0,299,1757614829.804119,1804,WUDFHost.exe,running,1532,0.0,0.11179383761326703,18.0078125,19,0,2988.979029893875,other,4.374048233032227,0.140625,1.0,
0,1757614829.447797,0.0,69.6,0,299,1757614829.8161304,1812,fontdrvhost.exe,running,1456,0.0,0.02083099924290594,3.35546875,5,0,2988.9905235767365,other,0.0,0.0,0.015625,
0,1757614829.447797,0.0,69.6,0,299,1757614829.82713,1820,fontdrvhost.exe,running,1592,0.0,0.05092560932491557,8.203125,5,0,2989.001518726349,other,0.0,0.234375,0.203125,
0,1757614829.447797,0.0,69.6,0,299,1757614829.8391173,1928,svchost.exe,running,1532,0.0,0.11681364767529444,18.81640625,10,0,2988.9649107456207,other,0.12109375,8.75,9.0625,
0,1757614829.447797,0.0,69.6,0,299,1757614829.8511183,1980,svchost.exe,running,1532,0.0,0.08274199000791045,13.328125,6,0,2988.9571657180786,other,0.0,0.671875,1.078125,
0,1757614829.447797,0.0,69.6,0,299,1757614829.8621194,2072,postgres.exe,running,1700,0.0,0.07013183912745516,11.296875,2,0,2976.0707626342773,other,0.029277801513671875,0.0,0.015625,
0,1757614829.447797,0.0,69.6,0,299,1757614829.8761194,2112,svchost.exe,running,1532,0.0,0.040206981076528585,6.4765625,2,0,2988.8855497837067,other,0.0,0.3125,0.078125,
0,1757614829.447797,0.0,69.6,0,299,1757614829.8871183,2132,svchost.exe,running,1532,0.0,0.038654962506626395,6.2265625,3,0,2988.895016670227,other,0.0,0.0,0.0,
1,1757614835.7648275,10.3,69.3,0,298,1757614835.79782,0,System Idle Process,running,0,1444.9,4.85005803094434e-05,0.0078125,48,0,1757614835.79782,other,0.0,0.0,40173.93749999999,
1,1757614835.7648275,10.3,69.3,0,298,1757614837.9009192,6528,python.exe,running,2868,60.8,1.1187386357077762,180.20703125,38,32,24.638314485549927,development,37.32313060760498,4.015625,14.828125,C:\Users\Apurav\AppData\Local\Programs\Python\Python312\python.exe temp.py
1,1757614835.7648275,10.3,69.3,0,298,1757614840.2632778,21612,Code.exe,running,4328,28.7,2.0947400635648603,337.421875,27,32,1364.5332851409912,interactive,521.4837284088135,121.265625,16.65625,C:\Users\Apurav\AppData\Local\Programs\Microsoft VS Code\Code.exe --type=renderer --user-data-dir=C:\Users\Apurav\AppData\Roaming\Code
1,1757614835.7648275,10.3,69.3,0,298,1757614835.931064,1448,dwm.exe,running,1592,15.3,0.7008091351813024,112.88671875,18,0,2994.9577271938324,other,2.861800193786621,257.71875,102.703125,
1,1757614835.7648275,10.3,69.3,0,298,1757614836.9690263,4328,Code.exe,running,23328,11.5,0.94239052570264,151.80078125,53,32,2677.3864119052887,interactive,245.72615242004395,32.78125,35.078125,C:\Users\Apurav\AppData\Local\Programs\Microsoft VS Code\Code.exe
1,1757614835.7648275,10.3,69.3,0,298,1757614835.834053,4,System,running,0,6.9,0.01794521471449406,2.890625,401,0,1757614835.834053,other,222.6065797805786,0.0,445.78125,
1,1757614835.7648275,10.3,69.3,0,298,1757614838.1934817,8020,Code.exe,running,4328,5.6,1.0463272693057772,168.54296875,20,32768,2677.352909564972,interactive,997.1785430908203,111.6875,35.953125,C:\Users\Apurav\AppData\Local\Programs\Microsoft VS Code\Code.exe --type=gpu-process --user-data-dir=C:\Users\Apurav\AppData\Roaming\Code
1,1757614835.7648275,10.3,69.3,0,298,1757614837.8098207,6092,MsMpEng.exe,running,1532,2.4,1.6920882458358613,272.5625,74,0,2995.824089050293,other,1047.2671527862549,313.09375,70.234375,
1,1757614835.7648275,10.3,69.3,0,298,1757614836.4034493,2548,svchost.exe,running,1532,2.0,0.05558166503462214,8.953125,8,0,2995.3582530021667,other,0.0,34.359375,33.4375,
1,1757614835.7648275,10.3,69.3,0,298,1757614837.6339219,5608,mongod.exe,running,1532,1.6,0.2622426377331605,42.2421875,34,0,2995.7021102905273,other,1210.7205333709717,20.6875,32.5625,
1,1757614835.7648275,10.3,69.3,0,298,1757614840.3882773,22584,chrome.exe,running,20240,1.6,5.734199359695339,923.66796875,45,32,1684.530312538147,interactive,837.2319536209106,711.3125,57.921875,C:\Program Files\Google\Chrome\Application\chrome.exe --type=renderer --no-pre-read-main-dll
1,1757614835.7648275,10.3,69.3,0,298,1757614836.9554472,4304,svchost.exe,running,1532,1.4,0.07670366775938474,12.35546875,8,0,2995.2843174934387,other,0.0,14.09375,21.234375,
1,1757614835.7648275,10.3,69.3,0,298,1757614837.7759168,6048,UDClientService.exe,running,1532,0.9,0.2763805568933632,44.51953125,39,0,2995.7960975170135,service,195.69330024719238,9.515625,12.671875,
1,1757614835.7648275,10.3,69.3,0,298,1757614838.51135,10004,Code.exe,running,4328,0.7,0.8790245175283522,141.59375,24,32,1301.5421721935272,interactive,7.56336784362793,2.5,2.296875,C:\Users\Apurav\AppData\Local\Programs\Microsoft VS Code\Code.exe --type=utility --utility-sub-type=node.mojom.NodeService
1,1757614835.7648275,10.3,69.3,0,298,1757614839.2972693,13664,java.exe,running,14356,0.7,0.7083509754194208,114.1015625,42,32,2717.2004702091217,development,28.4935884475708,23.9375,9.0, C:\Xilinx\xic\tps\win64\jre21.0.1_12\bin\java.exe -DLOAD_64_NATIVE=true
1,1757614835.7648275,10.3,69.3,0,298,1757614840.1503294,20704,EpicGamesLauncher.exe,running,11924,0.7,0.9291741175683167,149.671875,89,32,2931.360504388809,other,2400.1186809539795,193.71875,770.9375,C:\Program Files (x86)\Epic Games\Launcher\Portal\Binaries\Win64\EpicGamesLauncher.exe -silent -launchcontext=boot
1,1757614835.7648275,10.3,69.3,0,298,1757614836.5794544,3060,svchost.exe,running,1532,0.5,0.06867682171817185,11.0625,10,0,2995.4473481178284,other,0.004680633544921875,4.671875,5.625,
1,1757614835.7648275,10.3,69.3,0,298,1757614837.4240086,5404,LenovoVantageService.exe,running,1532,0.5,0.49007411373677084,78.94140625,22,0,2995.5141026973724,service,28.564194679260254,11.453125,6.0,
1,1757614835.7648275,10.3,69.3,0,298,1757614836.1996343,1928,svchost.exe,running,1532,0.2,0.1169833997063775,18.84375,10,0,2995.3254277706146,other,0.12109375,8.765625,9.0625,
1,1757614835.7648275,10.3,69.3,0,298,1757614836.4564517,2736,NVDisplay.Container.exe,running,1532,0.2,0.25739257970221613,41.4609375,39,0,2995.2854256629944,other,25.713635444641113,10.0,7.890625,
1,1757614835.7648275,10.3,69.3,0,298,1757614837.1057475,5028,WhatsApp.exe,running,1772,0.2,2.135116796672472,343.92578125,29,32,1407.8319146633148,other,25.478910446166992,16.453125,7.671875,C:\Program Files\WindowsApps\5319275A.WhatsAppDesktop_2.2535.3.0_x64__cv1g1gvanyjgm\WhatsApp.exe -ServerName:App.AppXkf4yh0averk473g9chjmra34tgccdh3d.mca
1,1757614835.7648275,10.3,69.3,0,298,1757614837.348004,5344,svchost.exe,running,1532,0.2,0.3224803584774892,51.9453125,11,0,2995.441484928131,other,63.2073335647583,5.328125,4.765625,
1,1757614835.7648275,10.3,69.3,0,298,1757614837.8208256,6116,msedgewebview2.exe,running,20388,0.2,0.020976500983834273,3.37890625,50,32,2774.6680357456207,other,97.32488059997559,2.609375,5.46875,C:\Program Files (x86)\Microsoft\EdgeWebView\Application\140.0.3485.54\msedgewebview2.exe --embedded-browser-webview=1 --webview-exe-name=ms-teams.exe
1,1757614835.7648275,10.3,69.3,0,298,1757614837.9238236,7092,mysqld.exe,running,5616,0.2,0.7511042369621953,120.98828125,39,0,2995.725162744522,other,140.94694232940674,9.5625,5.0,
1,1757614835.7648275,10.3,69.3,0,298,1757614838.5816407,10396,gamingservices.exe,running,1532,0.2,0.24170264197211122,38.93359375,50,0,2994.37642121315,service,13.562637329101562,0.875,1.78125,
1,1757614835.7648275,10.3,69.3,0,298,1757614839.0498652,11924,explorer.exe,running,11892,0.2,1.5736740790103554,253.48828125,73,32,2994.084204673767,other,16.021044731140137,125.21875,136.71875,C:\WINDOWS\Explorer.EXE
1,1757614835.7648275,10.3,69.3,0,298,1757614839.603746,16212,msedgewebview2.exe,running,6116,0.2,0.05953446232984178,9.58984375,31,32,2775.368089914322,batch,4.5874176025390625,20.203125,4.328125,C:\Program Files (x86)\Microsoft\EdgeWebView\Application\140.0.3485.54\msedgewebview2.exe --type=renderer --noerrdialogs
1,1757614835.7648275,10.3,69.3,0,298,1757614839.6546357,16484,LenovoVantage-(LenovoGamingSystemAddin).exe,running,5404,0.2,0.10793804147866629,17.38671875,37,0,2985.4777023792267,other,1.0205869674682617,4.125,5.203125,
1,1757614835.7648275,10.3,69.3,0,298,1757614840.0836382,20240,chrome.exe,running,11924,0.2,1.5204446921207413,244.9140625,44,32,2945.4614725112915,interactive,951.0031394958496,74.96875,57.21875,C:\Program Files\Google\Chrome\Application\chrome.exe
1,1757614835.7648275,10.3,69.3,0,298,1757614840.1253257,20448,chrome.exe,running,20240,0.2,1.3919181543007162,224.2109375,21,32768,2945.165575027466,interactive,1013.5151786804199,184.765625,62.125,C:\Program Files\Google\Chrome\Application\chrome.exe --type=gpu-process --no-pre-read-main-dll
1,1757614835.7648275,10.3,69.3,0,298,1757614835.8490524,236,,stopped,4,0.0,0.3918361883199933,63.1171875,1,0,3007.2425351142883,other,0.0,0.0,0.0,
1,1757614835.7648275,10.3,69.3,0,298,1757614835.8640563,280,Registry,running,4,0.0,0.3570855225282771,57.51953125,4,0,3007.240912437439,other,19.2578125,0.0,0.640625,
1,1757614835.7648275,10.3,69.3,0,298,1757614835.8810573,844,smss.exe,running,4,0.0,0.00856035242461676,1.37890625,2,0,3005.5069949626923,other,2.769681930541992,0.046875,0.203125,
1,1757614835.7648275,10.3,69.3,0,298,1757614835.89606,1336,svchost.exe,running,1532,0.0,0.11082382600707816,17.8515625,11,0,2994.678202390671,other,145.76808166503906,1.046875,0.953125,
1,1757614835.7648275,10.3,69.3,0,298,1757614835.9150546,1348,csrss.exe,running,820,0.0,0.038703463086935834,6.234375,15,0,2997.4325046539307,other,0.27294063568115234,0.484375,2.75,
1,1757614835.7648275,10.3,69.3,0,298,1757614835.9447963,1456,wininit.exe,running,820,0.0,0.04840357914882452,7.796875,2,0,2995.6343426704407,system,0.023441314697265625,0.046875,0.046875,
1,1757614835.7648275,10.3,69.3,0,298,1757614835.9618871,1464,csrss.exe,running,1448,0.0,0.042583509511691306,6.859375,15,0,2995.651329755783,other,0.6196193695068359,0.890625,9.578125,
1,1757614835.7648275,10.3,69.3,0,298,1757614835.9780374,1532,services.exe,running,1456,0.0,0.11715315173746053,18.87109375,8,0,2995.409268140793,service,0.043292999267578125,2.75,3.96875,
1,1757614835.7648275,10.3,69.3,0,298,1757614836.0002294,1544,svchost.exe,running,1532,0.0,0.03407165766738399,5.48828125,2,0,2981.9723443984985,other,0.0,0.03125,0.0,
1,1757614835.7648275,10.3,69.3,0,298,1757614836.0190487,1552,LsaIso.exe,running,1456,0.0,0.022310266942343965,3.59375,1,0,2995.4165892601013,other,0.0,0.015625,0.328125,
1,1757614835.7648275,10.3,69.3,0,298,1757614836.032046,1560,lsass.exe,running,1456,0.0,0.19089828409796925,30.75,10,0,2995.426236152649,other,2.224207878112793,4.84375,5.21875,
1,1757614835.7648275,10.3,69.3,0,298,1757614836.0460458,1592,winlogon.exe,running,1448,0.0,0.09190859968639524,14.8046875,4,0,2995.437475204468,other,0.2799339294433594,0.03125,0.21875,
1,1757614835.7648275,10.3,69.3,0,298,1757614836.0640476,1628,svchost.exe,running,1532,0.0,0.13805690185083067,22.23828125,11,0,2862.364669561386,other,0.32229042053222656,0.8125,1.46875,
1,1757614835.7648275,10.3,69.3,0,298,1757614836.0801504,1632,dllhost.exe,running,1772,0.0,0.08376050219440875,13.4921875,2,32,2979.595212697983,batch,4.3359375,0.0,0.0,C:\WINDOWS\system32\DllHost.exe /Processid:{973D20D7-562D-44B9-B70B-5A0F49CCDF3F}
1,1757614835.7648275,10.3,69.3,0,298,1757614836.0950422,1692,WUDFHost.exe,running,1532,0.0,0.08143247433955547,13.1171875,11,0,2995.119929790497,other,0.0474700927734375,0.203125,0.265625,
1,1757614835.7648275,10.3,69.3,0,298,1757614836.1129963,1700,postgres.exe,running,5788,0.0,0.1258105053226962,20.265625,3,0,2982.574116230011,other,0.09651756286621094,0.046875,0.078125,
1,1757614835.7648275,10.3,69.3,0,298,1757614836.1306355,1712,Copilot.exe,running,11252,0.0,1.1494880036239634,185.16015625,25,32,2805.939811706543,other,1.3392362594604492,5.984375,4.515625,C:\Program Files\WindowsApps\Microsoft.Copilot_1.25084.141.0_x64__8wekyb3d8bbwe\Copilot.exe
1,1757614835.7648275,10.3,69.3,0,298,1757614836.1467457,1772,svchost.exe,running,1532,0.0,0.25676207215819336,41.359375,12,0,2995.3376371860504,other,0.9201831817626953,3.125,7.5625,
1,1757614835.7648275,10.3,69.3,0,298,1757614836.1606317,1804,WUDFHost.exe,running,1532,0.0,0.11179383761326703,18.0078125,19,0,2995.3355424404144,other,4.374118804931641,0.140625,1.0,
1,1757614835.7648275,10.3,69.3,0,298,1757614836.1746323,1812,fontdrvhost.exe,running,1456,0.0,0.02083099924290594,3.35546875,5,0,2995.3490254879,other,0.0,0.0,0.015625,
2,1757614842.55405,11.0,69.3,0,298,1757614842.5990174,0,System Idle Process,running,0,1443.9,4.85005803094434e-05,0.0078125,48,0,1757614842.5990174,other,0.0,0.0,40272.07812499999,
2,1757614842.55405,11.0,69.3,0,298,1757614844.476373,6528,python.exe,running,2868,61.2,1.1195631455730368,180.33984375,38,32,31.213768243789673,development,37.32313060760498,4.203125,18.65625,C:\Users\Apurav\AppData\Local\Programs\Python\Python312\python.exe temp.py
2,1757614842.55405,11.0,69.3,0,298,1757614842.7393818,1448,dwm.exe,running,1592,16.5,0.7007121340206836,112.87109375,18,0,3001.7660450935364,other,2.8706226348876953,258.453125,103.09375,
2,1757614842.55405,11.0,69.3,0,298,1757614842.6294377,4,System,running,0,7.4,0.01794521471449406,2.890625,401,0,1757614842.6294377,other,222.6898317337036,0.0,446.28125,
2,1757614842.55405,11.0,69.3,0,298,1757614843.6546972,4328,Code.exe,running,23328,7.2,0.9414205140964511,151.64453125,53,32,2684.07208275795,interactive,245.88550758361816,33.0625,35.28125,C:\Users\Apurav\AppData\Local\Programs\Microsoft VS Code\Code.exe
2,1757614842.55405,11.0,69.3,0,298,1757614844.6652973,8020,Code.exe,running,4328,3.1,1.0495525578963554,169.0625,20,32768,2683.824725151062,interactive,997.5910186767578,111.84375,36.0,C:\Users\Apurav\AppData\Local\Programs\Microsoft VS Code\Code.exe --type=gpu-process --user-data-dir=C:\Users\Apurav\AppData\Roaming\Code
2,1757614842.55405,11.0,69.3,0,298,1757614844.1585944,5608,mongod.exe,running,1532,2.2,0.2622426377331605,42.2421875,34,0,3002.226782798767,other,1210.7509546279907,20.71875,32.671875,
2,1757614842.55405,11.0,69.3,0,298,1757614843.170859,2548,svchost.exe,running,1532,1.8,0.05555741474446742,8.94921875,8,0,3002.12566280365,other,0.0,34.4375,33.484375,
2,1757614842.55405,11.0,69.3,0,298,1757614843.555801,4020,WmiPrvSE.exe,running,1772,1.2,0.09266035868119163,14.92578125,10,0,24.096980094909668,other,0.001308441162109375,0.046875,0.15625,
2,1757614842.55405,11.0,69.3,0,298,1757614844.5697987,7752,uihost.exe,running,5424,1.2,0.1796946500464878,28.9453125,63,32,3002.212478160858,other,14.1763277053833,1.265625,6.109375,C:\Program Files\McAfee\WebAdvisor\UIHost.exe
2,1757614842.55405,11.0,69.3,0,298,1757614844.5959022,7828,Code.exe,running,4328,1.2,0.8276381526904969,133.31640625,20,32,1309.2304623126984,interactive,2.6007003784179688,2.140625,2.140625,C:\Users\Apurav\AppData\Local\Programs\Microsoft VS Code\Code.exe --type=utility --utility-sub-type=node.mojom.NodeService
2,1757614842.55405,11.0,69.3,0,298,1757614845.5239587,13664,java.exe,running,14356,1.0,0.7090057332535984,114.20703125,42,32,2723.427159547806,development,28.4935884475708,23.96875,9.03125, C:\Xilinx\xic\tps\win64\jre21.0.1_12\bin\java.exe -DLOAD_64_NATIVE=true
2,1757614842.55405,11.0,69.3,0,298,1757614846.3556073,20704,EpicGamesLauncher.exe,running,11924,1.0,0.9291983678584714,149.67578125,89,32,2937.5657823085785,other,2400.1186809539795,193.75,770.96875,C:\Program Files (x86)\Epic Games\Launcher\Portal\Binaries\Win64\EpicGamesLauncher.exe -silent -launchcontext=boot
2,1757614842.55405,11.0,69.3,0,298,1757614843.5836957,4068,svchost.exe,running,1532,0.7,0.1763481100051362,28.40625,17,0,3001.962350845337,other,33.55633544921875,4.265625,3.140625,
2,1757614842.55405,11.0,69.3,0,298,1757614843.6417627,4304,svchost.exe,running,1532,0.7,0.07670366775938474,12.35546875,8,0,3001.9706330299377,other,0.0,14.09375,21.28125,
2,1757614842.55405,11.0,69.3,0,298,1757614844.3208754,6048,UDClientService.exe,running,1532,0.7,0.2763805568933632,44.51953125,39,0,3002.3410561084747,service,195.69330024719238,9.53125,12.703125,
2,1757614842.55405,11.0,69.3,0,298,1757614842.8205998,1560,lsass.exe,running,1456,0.5,0.19101953554874285,30.76953125,10,0,3002.214789867401,other,2.227572441101074,4.84375,5.25,
2,1757614842.55405,11.0,69.3,0,298,1757614843.2163548,2736,NVDisplay.Container.exe,running,1532,0.5,0.25739257970221613,41.4609375,39,0,3002.0453288555145,other,25.713635444641113,10.03125,7.890625,
2,1757614842.55405,11.0,69.3,0,298,1757614844.1076853,5516,MpDefenderCoreService.exe,running,1532,0.5,0.1666237436530928,26.83984375,8,0,3002.186067342758,service,2.5714797973632812,0.3125,0.578125,
2,1757614842.55405,11.0,69.3,0,298,1757614844.3648753,6092,MsMpEng.exe,running,1532,0.5,1.6908029804576612,272.35546875,74,0,3002.379143714905,other,1047.2671527862549,313.09375,70.265625,
2,1757614842.55405,11.0,69.3,0,298,1757614846.464437,21612,Code.exe,running,4328,0.5,2.0947400635648603,337.421875,27,32,1370.7344443798065,interactive,521.5554294586182,121.28125,16.671875,C:\Users\Apurav\AppData\Local\Programs\Microsoft VS Code\Code.exe --type=renderer --user-data-dir=C:\Users\Apurav\AppData\Roaming\Code
2,1757614842.55405,11.0,69.3,0,298,1757614846.5864258,22704,Code.exe,running,4328,0.5,4.622735811033979,744.6328125,23,32,1311.8143756389618,interactive,243.56932926177979,45.96875,10.34375,C:\Users\Apurav\AppData\Local\Programs\Microsoft VS Code\Code.exe --type=utility --utility-sub-type=node.mojom.NodeService
2,1757614842.55405,11.0,69.3,0,298,1757614845.291745,11944,svchost.exe,running,1532,0.3,0.12319147398598623,19.84375,9,0,3000.3208513259888,other,0.021966934204101562,0.09375,0.0625,
2,1757614842.55405,11.0,69.3,0,298,1757614842.9918647,1980,svchost.exe,running,1532,0.2,0.08286324145868405,13.34765625,6,0,3002.0979120731354,other,0.0,0.671875,1.09375,
2,1757614842.55405,11.0,69.3,0,298,1757614843.3240547,3060,svchost.exe,running,1532,0.2,0.06736730604981689,10.8515625,10,0,3002.191948413849,other,0.004680633544921875,4.6875,5.625,
2,1757614842.55405,11.0,69.3,0,298,1757614843.3651755,3124,svchost.exe,running,1532,0.2,0.0604559733557212,9.73828125,6,0,3002.066315174103,other,0.0007190704345703125,0.09375,0.09375,
2,1757614842.55405,11.0,69.3,0,298,1757614843.422299,3480,svchost.exe,running,1532,0.2,0.06016496987386454,9.69140625,7,0,3001.9491605758667,other,0.0,0.515625,0.640625,
2,1757614842.55405,11.0,69.3,0,298,1757614843.8458102,5236,msedgewebview2.exe,running,6116,0.2,0.015229182217165228,2.453125,23,32,2780.1690549850464,batch,3.2246294021606445,0.640625,0.890625,C:\Program Files (x86)\Microsoft\EdgeWebView\Application\140.0.3485.54\msedgewebview2.exe --type=utility --utility-sub-type=network.mojom.NetworkService
2,1757614842.55405,11.0,69.3,0,298,1757614843.9557478,5404,LenovoVantageService.exe,running,1532,0.2,0.49024386576785395,78.96875,23,0,3002.0458419322968,service,28.609116554260254,11.453125,6.015625,
2,1757614842.55405,11.0,69.3,0,298,1757614843.9857497,5424,servicehost.exe,running,1532,0.2,0.24601919361965166,39.62890625,86,0,3002.0747649669647,service,11.23888874053955,0.828125,1.15625,
2,1757614842.55405,11.0,69.3,0,298,1757614844.5018146,7092,mysqld.exe,running,5616,0.2,0.7511042369621953,120.98828125,39,0,3002.3031537532806,other,140.94694232940674,9.578125,5.0,
2,1757614842.55405,11.0,69.3,0,298,1757614844.7616484,9028,ipf_helper.exe,running,6152,0.2,0.04954334278609643,7.98046875,4,32,3001.7124202251434,other,0.11969566345214844,0.25,5.1875,C:\WINDOWS\System32\DriverStore\FileRepository\ipf_cpu.inf_amd64_b25cc008923a9297\ipf_helper.exe
2,1757614842.55405,11.0,69.3,0,298,1757614844.8832107,10004,Code.exe,running,4328,0.2,0.8790245175283522,141.59375,24,32,1307.9140329360962,interactive,7.571691513061523,2.5,2.3125,C:\Users\Apurav\AppData\Local\Programs\Microsoft VS Code\Code.exe --type=utility --utility-sub-type=node.mojom.NodeService
2,1757614842.55405,11.0,69.3,0,298,1757614842.6444528,236,,stopped,4,0.0,0.3918361883199933,63.1171875,1,0,3014.0379354953766,other,0.0,0.0,0.0,
2,1757614842.55405,11.0,69.3,0,298,1757614842.66645,280,Registry,running,4,0.0,0.3570855225282771,57.51953125,4,0,3014.0433061122894,other,19.2578125,0.0,0.640625,
2,1757614842.55405,11.0,69.3,0,298,1757614842.6920252,844,smss.exe,running,4,0.0,0.00856035242461676,1.37890625,2,0,3012.317962884903,other,2.769681930541992,0.046875,0.203125,
2,1757614842.55405,11.0,69.3,0,298,1757614842.704065,1336,svchost.exe,running,1532,0.0,0.11111482948893484,17.8984375,12,0,3001.486207485199,other,145.77198791503906,1.046875,0.953125,
2,1757614842.55405,11.0,69.3,0,298,1757614842.7180676,1348,csrss.exe,running,820,0.0,0.038703463086935834,6.234375,15,0,3004.2355177402496,other,0.27294063568115234,0.484375,2.75,
2,1757614842.55405,11.0,69.3,0,298,1757614842.7514682,1456,wininit.exe,running,820,0.0,0.048379328858669794,7.79296875,2,0,3002.4410145282745,system,0.023441314697265625,0.046875,0.046875,
2,1757614842.55405,11.0,69.3,0,298,1757614842.76537,1464,csrss.exe,running,1448,0.0,0.042583509511691306,6.859375,15,0,3002.454812526703,other,0.6196193695068359,0.890625,9.578125,
2,1757614842.55405,11.0,69.3,0,298,1757614842.7813702,1532,services.exe,running,1456,0.0,0.11717740202761527,18.875,8,0,3002.2126009464264,service,0.043292999267578125,2.75,3.96875,
2,1757614842.55405,11.0,69.3,0,298,1757614842.794369,1544,svchost.exe,running,1532,0.0,0.03407165766738399,5.48828125,2,0,2988.7664840221405,other,0.0,0.03125,0.0,
2,1757614842.55405,11.0,69.3,0,298,1757614842.807598,1552,LsaIso.exe,running,1456,0.0,0.022310266942343965,3.59375,1,0,3002.205138683319,other,0.0,0.015625,0.328125,
2,1757614842.55405,11.0,69.3,0,298,1757614842.8336046,1592,winlogon.exe,running,1448,0.0,0.09193284997654996,14.80859375,4,0,3002.2250339984894,other,0.2799339294433594,0.03125,0.21875,
2,1757614842.55405,11.0,69.3,0,298,1757614842.846619,1628,svchost.exe,running,1532,0.0,0.13805690185083067,22.23828125,11,0,2869.1472408771515,other,0.32229042053222656,0.8125,1.46875,
2,1757614842.55405,11.0,69.3,0,298,1757614842.8597114,1632,dllhost.exe,running,1772,0.0,0.08376050219440875,13.4921875,2,32,2986.3747737407684,batch,4.3359375,0.0,0.0,C:\WINDOWS\system32\DllHost.exe /Processid:{973D20D7-562D-44B9-B70B-5A0F49CCDF3F}
2,1757614842.55405,11.0,69.3,0,298,1757614842.875712,1692,WUDFHost.exe,running,1532,0.0,0.08143247433955547,13.1171875,11,0,3001.9005994796753,other,0.0474700927734375,0.203125,0.265625,
2,1757614842.55405,11.0,69.3,0,298,1757614842.8910162,1700,postgres.exe,running,5788,0.0,0.1258105053226962,20.265625,3,0,2989.3521361351013,other,0.09651756286621094,0.046875,0.078125,
2,1757614842.55405,11.0,69.3,0,298,1757614842.9040174,1712,Copilot.exe,running,11252,0.0,1.1494880036239634,185.16015625,25,32,2812.713193655014,other,1.3392362594604492,5.984375,4.515625,C:\Program Files\WindowsApps\Microsoft.Copilot_1.25084.141.0_x64__8wekyb3d8bbwe\Copilot.exe
2,1757614842.55405,11.0,69.3,0,298,1757614842.9160194,1772,svchost.exe,running,1532,0.0,0.25676207215819336,41.359375,12,0,3002.106910943985,other,0.9201831817626953,3.125,7.5625,
3,1757614848.7317252,7.9,69.2,0,297,1757614848.7648075,0,System Idle Process,running,0,1477.4,4.85005803094434e-05,0.0078125,48,0,1757614848.7648075,other,0.0,0.0,40363.26562499999,
3,1757614848.7317252,7.9,69.2,0,297,1757614850.7221246,6528,python.exe,running,2868,63.0,1.1195631455730368,180.33984375,38,32,37.45951986312866,development,37.32313060760498,4.34375,22.46875,C:\Users\Apurav\AppData\Local\Programs\Python\Python312\python.exe temp.py
3,1757614848.7317252,7.9,69.2,0,297,1757614848.8828044,1448,dwm.exe,running,1592,15.5,0.7006878837305288,112.8671875,18,0,3007.9094676971436,other,2.8706226348876953,259.296875,103.203125,
3,1757614848.7317252,7.9,69.2,0,297,1757614848.790807,4,System,running,0,5.1,0.01794521471449406,2.890625,401,0,1757614848.790807,other,222.6940507888794,0.0,446.59375,
3,1757614848.7317252,7.9,69.2,0,297,1757614848.9328094,1532,services.exe,running,1456,2.5,0.11717740202761527,18.875,8,0,3008.3640401363373,service,0.043292999267578125,2.8125,4.0625,
3,1757614848.7317252,7.9,69.2,0,297,1757614850.4128013,5608,mongod.exe,running,1532,2.2,0.26231538860362463,42.25390625,34,0,3008.4809896945953,other,1210.8286972045898,20.84375,32.6875,
3,1757614848.7317252,7.9,69.2,0,297,1757614849.3612046,2548,svchost.exe,running,1532,1.8,0.05558166503462214,8.953125,8,0,3008.3160083293915,other,0.0,34.5,33.53125,
3,1757614848.7317252,7.9,69.2,0,297,1757614849.7534773,4020,WmiPrvSE.exe,running,1772,1.8,0.09506113740650907,15.3125,10,0,30.29465651512146,other,0.001308441162109375,0.0625,0.25,
3,1757614848.7317252,7.9,69.2,0,297,1757614852.5919223,20704,EpicGamesLauncher.exe,running,11924,1.3,0.9291983678584714,149.67578125,89,32,2943.8020973205566,other,2400.118758201599,193.765625,771.03125,C:\Program Files (x86)\Epic Games\Launcher\Portal\Binaries\Win64\EpicGamesLauncher.exe -silent -launchcontext=boot
3,1757614848.7317252,7.9,69.2,0,297,1757614850.6067522,6092,MsMpEng.exe,running,1532,1.2,1.7098152079389628,275.41796875,74,0,3008.621020555496,other,1047.2671527862549,313.140625,70.296875,
3,1757614848.7317252,7.9,69.2,0,297,1757614852.8389184,22704,Code.exe,running,4328,1.2,4.623051064805991,744.68359375,23,32,1318.0668683052063,interactive,243.6902093887329,45.96875,10.421875,C:\Users\Apurav\AppData\Local\Programs\Microsoft VS Code\Code.exe --type=utility --utility-sub-type=node.mojom.NodeService
3,1757614848.7317252,7.9,69.2,0,297,1757614850.1975336,5404,LenovoVantageService.exe,running,1532,1.0,0.4905348692497106,79.015625,26,0,3008.287627696991,service,28.698960304260254,11.5,6.03125,
3,1757614848.7317252,7.9,69.2,0,297,1757614851.762256,13664,java.exe,running,14356,1.0,0.7096604910877758,114.3125,42,32,2729.6654567718506,development,28.4935884475708,24.03125,9.03125, C:\Xilinx\xic\tps\win64\jre21.0.1_12\bin\java.exe -DLOAD_64_NATIVE=true
3,1757614848.7317252,7.9,69.2,0,297,1757614849.8446457,4304,svchost.exe,running,1532,0.8,0.07670366775938474,12.35546875,8,0,3008.17351603508,other,0.0,14.09375,21.328125,
3,1757614848.7317252,7.9,69.2,0,297,1757614850.841229,7828,Code.exe,running,4328,0.8,0.8276381526904969,133.31640625,20,32,1315.4757890701294,interactive,2.6090240478515625,2.15625,2.171875,C:\Users\Apurav\AppData\Local\Programs\Microsoft VS Code\Code.exe --type=utility --utility-sub-type=node.mojom.NodeService
3,1757614848.7317252,7.9,69.2,0,297,1757614849.4986403,3060,svchost.exe,running,1532,0.5,0.06780381127260188,10.921875,10,0,3008.3665339946747,other,0.004680633544921875,4.703125,5.640625,
3,1757614848.7317252,7.9,69.2,0,297,1757614849.7804754,4068,svchost.exe,running,1532,0.5,0.17004303456490857,27.390625,16,0,3008.1591305732727,other,33.55633544921875,4.296875,3.140625,
3,1757614848.7317252,7.9,69.2,0,297,1757614850.564634,6048,UDClientService.exe,running,1532,0.5,0.2763805568933632,44.51953125,39,0,3008.584814786911,service,195.69330024719238,9.53125,12.734375,
3,1757614848.7317252,7.9,69.2,0,297,1757614850.8151221,7752,uihost.exe,running,5424,0.5,0.1796946500464878,28.9453125,63,32,3008.457801580429,other,14.17736530303955,1.265625,6.140625,C:\Program Files\McAfee\WebAdvisor\UIHost.exe
3,1757614848.7317252,7.9,69.2,0,297,1757614851.622208,12560,Code.exe,running,4328,0.5,0.9436515407906856,152.00390625,19,32,2685.816106081009,interactive,253.1885051727295,20.109375,13.5,C:\Users\Apurav\AppData\Local\Programs\Microsoft VS Code\Code.exe --type=utility --utility-sub-type=node.mojom.NodeService
3,1757614848.7317252,7.9,69.2,0,297,1757614852.7139218,21612,Code.exe,running,4328,0.5,2.090181009015773,336.6875,27,32,1376.983929157257,interactive,521.7127552032471,121.3125,16.671875,C:\Users\Apurav\AppData\Local\Programs\Microsoft VS Code\Code.exe --type=renderer --user-data-dir=C:\Users\Apurav\AppData\Roaming\Code
3,1757614848.7317252,7.9,69.2,0,297,1757614848.9748027,1560,lsass.exe,running,1456,0.3,0.19111653670936174,30.78515625,11,0,3008.368992805481,other,2.229254722595215,4.84375,5.265625,
3,1757614848.7317252,7.9,69.2,0,297,1757614849.4022179,2736,NVDisplay.Container.exe,running,1532,0.3,0.25739257970221613,41.4609375,39,0,3008.2311918735504,other,25.713635444641113,10.046875,7.890625,
3,1757614848.7317252,7.9,69.2,0,297,1757614849.5832133,3440,MemCompression,running,4,0.3,3.8487635504558813,619.9609375,66,0,3008.112771987915,other,0.0,0.0,32.15625,
3,1757614848.7317252,7.9,69.2,0,297,1757614849.8596396,4328,Code.exe,running,23328,0.3,0.9416387667078436,151.6796875,53,32,2690.2770252227783,interactive,245.90212440490723,33.078125,35.28125,C:\Users\Apurav\AppData\Local\Programs\Microsoft VS Code\Code.exe
3,1757614848.7317252,7.9,69.2,0,297,1757614850.0176647,5028,WhatsApp.exe,running,1772,0.3,2.135116796672472,343.92578125,29,32,1420.74383187294,other,25.478910446166992,16.46875,7.671875,C:\Program Files\WindowsApps\5319275A.WhatsAppDesktop_2.2535.3.0_x64__cv1g1gvanyjgm\WhatsApp.exe -ServerName:App.AppXkf4yh0averk473g9chjmra34tgccdh3d.mca
3,1757614848.7317252,7.9,69.2,0,297,1757614850.0673797,5160,svchost.exe,running,1532,0.3,0.05967996407077011,9.61328125,6,0,3008.1763257980347,other,0.78570556640625,0.84375,0.984375,
3,1757614848.7317252,7.9,69.2,0,297,1757614850.225541,5424,servicehost.exe,running,1532,0.3,0.24061137891514872,38.7578125,86,0,3008.3145563602448,service,11.799612998962402,0.828125,1.171875,
3,1757614848.7317252,7.9,69.2,0,297,1757614850.8977633,8020,Code.exe,running,4328,0.3,1.0183666847573831,164.0390625,20,32768,2690.057191133499,interactive,997.6036224365234,111.84375,36.015625,C:\Users\Apurav\AppData\Local\Programs\Microsoft VS Code\Code.exe --type=gpu-process --user-data-dir=C:\Users\Apurav\AppData\Roaming\Code
3,1757614848.7317252,7.9,69.2,0,297,1757614850.9845443,9028,ipf_helper.exe,running,6152,0.3,0.04954334278609643,7.98046875,4,32,3007.9353160858154,other,0.11969566345214844,0.25,5.203125,C:\WINDOWS\System32\DriverStore\FileRepository\ipf_cpu.inf_amd64_b25cc008923a9297\ipf_helper.exe
3,1757614848.7317252,7.9,69.2,0,297,1757614851.4862072,11848,PresentMonService.exe,running,10416,0.3,0.07427863874391258,11.96484375,10,0,3006.614021539688,service,0.7627267837524414,0.265625,0.640625,
3,1757614848.7317252,7.9,69.2,0,297,1757614851.5392106,12216,NahimicSvc64.exe,running,2332,0.3,0.04908258727315672,7.90625,19,32,3006.3375585079193,other,0.02401256561279297,1.96875,7.25,C:\WINDOWS\system32\.\NahimicSvc64.exe /start all
3,1757614848.7317252,7.9,69.2,0,297,1757614852.537813,20240,chrome.exe,running,11924,0.3,1.5205901938616695,244.9375,45,32,2957.9156472682953,interactive,951.0044250488281,74.984375,57.21875,C:\Program Files\Google\Chrome\Application\chrome.exe
3,1757614848.7317252,7.9,69.2,0,297,1757614850.371437,5540,svchost.exe,running,1532,0.2,0.24541293636578362,39.53125,17,0,3008.4475331306458,other,171.75627899169922,13.3125,5.421875,
3,1757614848.7317252,7.9,69.2,0,297,1757614850.747228,7092,mysqld.exe,running,5616,0.2,0.7511042369621953,120.98828125,39,0,3008.548567056656,other,140.94694232940674,9.59375,5.0,
3,1757614848.7317252,7.9,69.2,0,297,1757614850.8847644,7996,unsecapp.exe,running,1772,0.2,0.06877382287879075,11.078125,3,0,3008.4211905002594,other,0.0,0.421875,0.375,
3,1757614848.7317252,7.9,69.2,0,297,1757614852.3695858,18292,svchost.exe,running,1532,0.2,0.08232973507528017,13.26171875,5,0,2997.5871725082397,other,2.288818359375e-05,0.078125,0.09375,
3,1757614848.7317252,7.9,69.2,0,297,1757614848.8089955,236,,stopped,4,0.0,0.3918361883199933,63.1171875,1,0,3020.202478170395,other,0.0,0.0,0.0,
3,1757614848.7317252,7.9,69.2,0,297,1757614848.8278098,280,Registry,running,4,0.0,0.3570855225282771,57.51953125,4,0,3020.2046658992767,other,19.2578125,0.0,0.640625,
3,1757614848.7317252,7.9,69.2,0,297,1757614848.841806,844,smss.exe,running,4,0.0,0.00856035242461676,1.37890625,2,0,3018.4677436351776,other,2.769681930541992,0.046875,0.203125,
3,1757614848.7317252,7.9,69.2,0,297,1757614848.854803,1336,svchost.exe,running,1532,0.0,0.11113907977908954,17.90234375,12,0,3007.6369454860687,other,145.83448791503906,1.046875,0.953125,
3,1757614848.7317252,7.9,69.2,0,297,1757614848.8688047,1348,csrss.exe,running,820,0.0,0.038703463086935834,6.234375,15,0,3010.386254787445,other,0.27294063568115234,0.484375,2.75,
3,1757614848.7317252,7.9,69.2,0,297,1757614848.8968081,1456,wininit.exe,running,820,0.0,0.048379328858669794,7.79296875,2,0,3008.586354494095,system,0.023441314697265625,0.046875,0.046875,
3,1757614848.7317252,7.9,69.2,0,297,1757614848.9168048,1464,csrss.exe,running,1448,0.0,0.04255925922153658,6.85546875,15,0,3008.6062474250793,other,0.6196193695068359,0.890625,9.578125,
3,1757614848.7317252,7.9,69.2,0,297,1757614848.9468014,1544,svchost.exe,running,1532,0.0,0.03407165766738399,5.48828125,2,0,2994.918916463852,other,0.0,0.03125,0.0,
3,1757614848.7317252,7.9,69.2,0,297,1757614848.9608014,1552,LsaIso.exe,running,1456,0.0,0.022310266942343965,3.59375,1,0,3008.3583419322968,other,0.0,0.015625,0.328125,
3,1757614848.7317252,7.9,69.2,0,297,1757614848.9888058,1592,winlogon.exe,running,1448,0.0,0.09193284997654996,14.80859375,4,0,3008.38023519516,other,0.2799339294433594,0.03125,0.21875,
3,1757614848.7317252,7.9,69.2,0,297,1757614849.0028079,1628,svchost.exe,running,1532,0.0,0.13805690185083067,22.23828125,11,0,2875.3034298419952,other,0.32229042053222656,0.8125,1.46875,
3,1757614848.7317252,7.9,69.2,0,297,1757614849.02851,1632,dllhost.exe,running,1772,0.0,0.08376050219440875,13.4921875,2,32,2992.5435724258423,batch,4.3359375,0.0,0.0,C:\WINDOWS\system32\DllHost.exe /Processid:{973D20D7-562D-44B9-B70B-5A0F49CCDF3F}
3,1757614848.7317252,7.9,69.2,0,297,1757614849.0436676,1692,WUDFHost.exe,running,1532,0.0,0.08143247433955547,13.1171875,11,0,3008.0685551166534,other,0.0474700927734375,0.203125,0.265625,
4,1757614854.9769597,7.4,69.2,0,297,1757614855.011954,0,System Idle Process,running,0,1491.8,4.85005803094434e-05,0.0078125,48,0,1757614855.011954,other,0.0,0.0,40456.5,
4,1757614854.9769597,7.4,69.2,0,297,1757614856.9646184,6528,python.exe,running,2868,62.5,1.1201209022465954,180.4296875,38,32,43.70201373100281,development,37.32313060760498,4.53125,26.171875,C:\Users\Apurav\AppData\Local\Programs\Python\Python312\python.exe temp.py
4,1757614854.9769597,7.4,69.2,0,297,1757614855.129281,1448,dwm.exe,running,1592,14.0,0.7006878837305288,112.8671875,18,0,3014.1559443473816,other,2.872918128967285,259.96875,103.40625,
4,1757614854.9769597,7.4,69.2,0,297,1757614855.0389578,4,System,running,0,3.5,0.01794521471449406,2.890625,401,0,1757614855.0389578,other,222.6940507888794,0.0,446.8125,
4,1757614854.9769597,7.4,69.2,0,297,1757614858.9269018,21612,Code.exe,running,4328,3.5,2.0895747517619045,336.58984375,27,32,1383.1969091892242,interactive,521.9315586090088,121.484375,16.71875,C:\Users\Apurav\AppData\Local\Programs\Microsoft VS Code\Code.exe --type=renderer --user-data-dir=C:\Users\Apurav\AppData\Roaming\Code
4,1757614854.9769597,7.4,69.2,0,297,1757614855.6125753,2548,svchost.exe,running,1532,3.2,0.05560591532477686,8.95703125,8,0,3014.5673789978027,other,0.0,34.59375,33.640625,
4,1757614854.9769597,7.4,69.2,0,297,1757614856.1495028,4328,Code.exe,running,23328,2.2,0.9419297701897003,151.7265625,53,32,2696.566888332367,interactive,246.06260871887207,33.140625,35.359375,C:\Users\Apurav\AppData\Local\Programs\Microsoft VS Code\Code.exe
4,1757614854.9769597,7.4,69.2,0,297,1757614859.0606422,22704,Code.exe,running,4328,1.3,4.622905563065062,744.66015625,23,32,1324.2885921001434,interactive,243.81040287017822,45.96875,10.5,C:\Users\Apurav\AppData\Local\Programs\Microsoft VS Code\Code.exe --type=utility --utility-sub-type=node.mojom.NodeService
4,1757614854.9769597,7.4,69.2,0,297,1757614856.1345015,4304,svchost.exe,running,1532,1.2,0.07670366775938474,12.35546875,8,0,3014.4633717536926,other,0.0,14.125,21.375,
4,1757614854.9769597,7.4,69.2,0,297,1757614855.7820513,3060,svchost.exe,running,1532,1.0,0.067706810111983,10.90625,10,0,3014.6499450206757,other,0.004680633544921875,4.71875,5.6875,
4,1757614854.9769597,7.4,69.2,0,297,1757614856.67652,5608,mongod.exe,running,1532,1.0,0.26231538860362463,42.25390625,34,0,3014.7447085380554,other,1210.8286972045898,20.890625,32.703125,
4,1757614854.9769597,7.4,69.2,0,297,1757614856.8175106,6048,UDClientService.exe,running,1532,0.8,0.27640480718351795,44.5234375,39,0,3014.837691307068,service,195.72901725769043,9.53125,12.78125,
4,1757614854.9769597,7.4,69.2,0,297,1757614856.995739,7092,mysqld.exe,running,5616,0.8,0.7511042369621953,120.98828125,39,0,3014.7970781326294,other,140.94694232940674,9.640625,5.0,
4,1757614854.9769597,7.4,69.2,0,297,1757614857.0941274,7828,Code.exe,running,4328,0.8,0.8276624029806516,133.3203125,20,32,1321.7286875247955,interactive,2.6090240478515625,2.1875,2.1875,C:\Users\Apurav\AppData\Local\Programs\Microsoft VS Code\Code.exe --type=utility --utility-sub-type=node.mojom.NodeService
4,1757614854.9769597,7.4,69.2,0,297,1757614858.8192663,20704,EpicGamesLauncher.exe,running,11924,0.5,0.9291983678584714,149.67578125,89,32,2950.029441356659,other,2400.118758201599,193.765625,771.0625,C:\Program Files (x86)\Epic Games\Launcher\Portal\Binaries\Win64\EpicGamesLauncher.exe -silent -launchcontext=boot
4,1757614854.9769597,7.4,69.2,0,297,1757614857.7576172,12216,NahimicSvc64.exe,running,2332,0.3,0.04908258727315672,7.90625,19,32,3012.5559651851654,other,0.02401256561279297,1.96875,7.265625,C:\WINDOWS\system32\.\NahimicSvc64.exe /start all
4,1757614854.9769597,7.4,69.2,0,297,1757614857.984235,13664,java.exe,running,14356,0.3,0.7103152489219533,114.41796875,42,32,2735.887435913086,development,28.4935884475708,24.03125,9.046875, C:\Xilinx\xic\tps\win64\jre21.0.1_12\bin\java.exe -DLOAD_64_NATIVE=true
4,1757614854.9769597,7.4,69.2,0,297,1757614857.9982355,13952,msedgewebview2.exe,running,12868,0.3,0.6423901861985779,103.4765625,46,32,3010.489863395691,other,36.007283210754395,1.328125,1.515625,C:\Program Files (x86)\Microsoft\EdgeWebView\Application\140.0.3485.54\msedgewebview2.exe --embedded-browser-webview=1 --webview-exe-name=SearchHost.exe
4,1757614854.9769597,7.4,69.2,0,297,1757614855.4190807,1980,svchost.exe,running,1532,0.2,0.08281474087837461,13.33984375,6,0,3014.5251281261444,other,0.0,0.671875,1.109375,
4,1757614854.9769597,7.4,69.2,0,297,1757614856.3015027,5028,WhatsApp.exe,running,1772,0.2,2.135116796672472,343.92578125,29,32,1427.0276699066162,other,25.478910446166992,16.484375,7.671875,C:\Program Files\WindowsApps\5319275A.WhatsAppDesktop_2.2535.3.0_x64__cv1g1gvanyjgm\WhatsApp.exe -ServerName:App.AppXkf4yh0averk473g9chjmra34tgccdh3d.mca
4,1757614854.9769597,7.4,69.2,0,297,1757614856.4854765,5412,Lenovo.Modern.ImController.exe,running,1532,0.2,0.31716954493360516,51.08984375,26,0,3014.5751156806946,other,1.15179443359375,2.390625,1.6875,
4,1757614854.9769597,7.4,69.2,0,297,1757614856.8566241,6092,MsMpEng.exe,running,1532,0.2,1.6051509556311843,258.55859375,74,0,3014.8708925247192,other,1047.2671527862549,313.140625,70.3125,
4,1757614854.9769597,7.4,69.2,0,297,1757614857.149945,8020,Code.exe,running,4328,0.2,1.0183666847573831,164.0390625,20,32768,2696.3093729019165,interactive,997.6306457519531,111.84375,36.03125,C:\Users\Apurav\AppData\Local\Programs\Microsoft VS Code\Code.exe --type=gpu-process --user-data-dir=C:\Users\Apurav\AppData\Roaming\Code
4,1757614854.9769597,7.4,69.2,0,297,1757614857.2032247,8968,msedgewebview2.exe,running,13004,0.2,0.05109536135599862,8.23046875,48,32,2948.6734697818756,other,36.00076484680176,1.3125,1.9375,C:\Program Files (x86)\Microsoft\EdgeWebView\Application\140.0.3485.54\msedgewebview2.exe --embedded-browser-webview=1 --webview-exe-name=Widgets.exe
4,1757614854.9769597,7.4,69.2,0,297,1757614857.3593872,10004,Code.exe,running,4328,0.2,0.8790245175283522,141.59375,24,32,1320.3902094364166,interactive,7.596662521362305,2.515625,2.3125,C:\Users\Apurav\AppData\Local\Programs\Microsoft VS Code\Code.exe --type=utility --utility-sub-type=node.mojom.NodeService
4,1757614854.9769597,7.4,69.2,0,297,1757614855.0579617,236,,stopped,4,0.0,0.3918361883199933,63.1171875,1,0,3026.451444387436,other,0.0,0.0,0.0,
4,1757614854.9769597,7.4,69.2,0,297,1757614855.0729558,280,Registry,running,4,0.0,0.3570855225282771,57.51953125,4,0,3026.449811935425,other,19.2578125,0.0,0.640625,
4,1757614854.9769597,7.4,69.2,0,297,1757614855.085957,844,smss.exe,running,4,0.0,0.00856035242461676,1.37890625,2,0,3024.711894750595,other,2.769681930541992,0.046875,0.203125,
4,1757614854.9769597,7.4,69.2,0,297,1757614855.0999568,1336,svchost.exe,running,1532,0.0,0.11113907977908954,17.90234375,12,0,3013.8820991516113,other,145.8354721069336,1.046875,0.953125,
4,1757614854.9769597,7.4,69.2,0,297,1757614855.1149607,1348,csrss.exe,running,820,0.0,0.038703463086935834,6.234375,15,0,3016.632410764694,other,0.27294063568115234,0.484375,2.75,
4,1757614854.9769597,7.4,69.2,0,297,1757614855.1432812,1456,wininit.exe,running,820,0.0,0.048379328858669794,7.79296875,2,0,3014.832827568054,system,0.023441314697265625,0.046875,0.046875,
4,1757614854.9769597,7.4,69.2,0,297,1757614855.1642709,1464,csrss.exe,running,1448,0.0,0.04255925922153658,6.85546875,15,0,3014.8537135124207,other,0.6196193695068359,0.890625,9.578125,
4,1757614854.9769597,7.4,69.2,0,297,1757614855.1792738,1532,services.exe,running,1456,0.0,0.11717740202761527,18.875,8,0,3014.610504627228,service,0.043292999267578125,2.8125,4.0625,
4,1757614854.9769597,7.4,69.2,0,297,1757614855.1932735,1544,svchost.exe,running,1532,0.0,0.03409590795753871,5.4921875,2,0,3001.165388584137,other,0.0,0.03125,0.0,
4,1757614854.9769597,7.4,69.2,0,297,1757614855.2072759,1552,LsaIso.exe,running,1456,0.0,0.022310266942343965,3.59375,1,0,3014.6048164367676,other,0.0,0.015625,0.328125,
4,1757614854.9769597,7.4,69.2,0,297,1757614855.2202811,1560,lsass.exe,running,1456,0.0,0.19121353786998063,30.80078125,11,0,3014.6144711971283,other,2.229254722595215,4.84375,5.265625,
4,1757614854.9769597,7.4,69.2,0,297,1757614855.2381918,1592,winlogon.exe,running,1448,0.0,0.09193284997654996,14.80859375,4,0,3014.6296212673187,other,0.2799339294433594,0.03125,0.21875,
4,1757614854.9769597,7.4,69.2,0,297,1757614855.2542164,1628,svchost.exe,running,1532,0.0,0.13805690185083067,22.23828125,11,0,2881.5548384189606,other,0.32229042053222656,0.8125,1.46875,
4,1757614854.9769597,7.4,69.2,0,297,1757614855.2759328,1632,dllhost.exe,running,1772,0.0,0.08376050219440875,13.4921875,2,32,2998.790995121002,batch,4.3359375,0.0,0.0,C:\WINDOWS\system32\DllHost.exe /Processid:{973D20D7-562D-44B9-B70B-5A0F49CCDF3F}
4,1757614854.9769597,7.4,69.2,0,297,1757614855.2920673,1692,WUDFHost.exe,running,1532,0.0,0.08143247433955547,13.1171875,11,0,3014.3169548511505,other,0.0474700927734375,0.203125,0.265625,
4,1757614854.9769597,7.4,69.2,0,297,1757614855.3105664,1700,postgres.exe,running,5788,0.0,0.1258105053226962,20.265625,3,0,3001.7716863155365,other,0.09658432006835938,0.046875,0.078125,
4,1757614854.9769597,7.4,69.2,0,297,1757614855.3255675,1712,Copilot.exe,running,11252,0.0,1.1494880036239634,185.16015625,25,32,2825.1347436904907,other,1.3392362594604492,5.984375,4.515625,C:\Program Files\WindowsApps\Microsoft.Copilot_1.25084.141.0_x64__8wekyb3d8bbwe\Copilot.exe
4,1757614854.9769597,7.4,69.2,0,297,1757614855.3410227,1772,svchost.exe,running,1532,0.0,0.2567863224483481,41.36328125,12,0,3014.5319142341614,other,0.9201831817626953,3.125,7.5625,
4,1757614854.9769597,7.4,69.2,0,297,1757614855.3556204,1804,WUDFHost.exe,running,1532,0.0,0.11179383761326703,18.0078125,19,0,3014.530531167984,other,4.374118804931641,0.140625,1.0,
4,1757614854.9769597,7.4,69.2,0,297,1757614855.3756196,1812,fontdrvhost.exe,running,1456,0.0,0.02083099924290594,3.35546875,5,0,3014.5500128269196,other,0.0,0.0,0.015625,
4,1757614854.9769597,7.4,69.2,0,297,1757614855.3896236,1820,fontdrvhost.exe,running,1592,0.0,0.05092560932491557,8.203125,5,0,3014.5640122890472,other,0.0,0.234375,0.203125,
4,1757614854.9769597,7.4,69.2,0,297,1757614855.4046233,1928,svchost.exe,running,1532,0.0,0.11647414361312834,18.76171875,10,0,3014.530416727066,other,0.12109375,8.765625,9.0625,
4,1757614854.9769597,7.4,69.2,0,297,1757614855.4340749,2072,postgres.exe,running,1700,0.0,0.07013183912745516,11.296875,2,0,3001.642718076706,other,0.029277801513671875,0.0,0.015625,
4,1757614854.9769597,7.4,69.2,0,297,1757614855.4490776,2112,svchost.exe,running,1532,0.0,0.040206981076528585,6.4765625,2,0,3014.458508014679,other,0.0,0.3125,0.078125,
4,1757614854.9769597,7.4,69.2,0,297,1757614855.4725835,2132,svchost.exe,running,1532,0.0,0.0387762139574,6.24609375,4,0,3014.480481863022,other,0.0,0.0,0.0,
