timestamp,cpu_percent,per_core_percent,ram_percent,cpu_temperature,fan_speed_rpm,battery_percent,battery_plugged,battery_time_left_sec,pid,process_name,process_cpu_percent,process_memory_percent
2025-09-12 09:04:10,29.6,"[23.9, 0.0, 25.7, 0.0, 34.4, 0.0, 1.6, 35.9, 9.5, 0.0, 1.8, 15.6, 42.2, 35.5, 33.3, 56.2]",67.1,,,72,True,-2,0,System Idle Process,0.0,4.85005803094434e-05
2025-09-12 09:04:10,29.6,"[23.9, 0.0, 25.7, 0.0, 34.4, 0.0, 1.6, 35.9, 9.5, 0.0, 1.8, 15.6, 42.2, 35.5, 33.3, 56.2]",67.1,,,72,True,-2,4,System,0.0,0.0191092286419207
2025-09-12 09:04:10,29.6,"[23.9, 0.0, 25.7, 0.0, 34.4, 0.0, 1.6, 35.9, 9.5, 0.0, 1.8, 15.6, 42.2, 35.5, 33.3, 56.2]",67.1,,,72,True,-2,236,,0.0,0.3918361883199933
2025-09-12 09:04:10,29.6,"[23.9, 0.0, 25.7, 0.0, 34.4, 0.0, 1.6, 35.9, 9.5, 0.0, 1.8, 15.6, 42.2, 35.5, 33.3, 56.2]",67.1,,,72,True,-2,280,Registry,0.0,0.3749094857919975
2025-09-12 09:04:10,29.6,"[23.9, 0.0, 25.7, 0.0, 34.4, 0.0, 1.6, 35.9, 9.5, 0.0, 1.8, 15.6, 42.2, 35.5, 33.3, 56.2]",67.1,,,72,True,-2,552,chrome.exe,0.0,0.3507804470880494
2025-09-12 09:04:10,29.6,"[23.9, 0.0, 25.7, 0.0, 34.4, 0.0, 1.6, 35.9, 9.5, 0.0, 1.8, 15.6, 42.2, 35.5, 33.3, 56.2]",67.1,,,72,True,-2,844,smss.exe,0.0,0.006111073118989868
2025-09-12 09:04:10,29.6,"[23.9, 0.0, 25.7, 0.0, 34.4, 0.0, 1.6, 35.9, 9.5, 0.0, 1.8, 15.6, 42.2, 35.5, 33.3, 56.2]",67.1,,,72,True,-2,1336,svchost.exe,0.0,0.13058781248317636
2025-09-12 09:04:10,29.6,"[23.9, 0.0, 25.7, 0.0, 34.4, 0.0, 1.6, 35.9, 9.5, 0.0, 1.8, 15.6, 42.2, 35.5, 33.3, 56.2]",67.1,,,72,True,-2,1348,csrss.exe,0.0,0.032446888227017634
2025-09-12 09:04:10,29.6,"[23.9, 0.0, 25.7, 0.0, 34.4, 0.0, 1.6, 35.9, 9.5, 0.0, 1.8, 15.6, 42.2, 35.5, 33.3, 56.2]",67.1,,,72,True,-2,1456,wininit.exe,0.0,0.03462941434094259
2025-09-12 09:04:11,29.6,"[23.9, 0.0, 25.7, 0.0, 34.4, 0.0, 1.6, 35.9, 9.5, 0.0, 1.8, 15.6, 42.2, 35.5, 33.3, 56.2]",67.1,,,72,True,-2,1532,services.exe,0.0,0.09275735984181051
2025-09-12 09:04:11,29.6,"[23.9, 0.0, 25.7, 0.0, 34.4, 0.0, 1.6, 35.9, 9.5, 0.0, 1.8, 15.6, 42.2, 35.5, 33.3, 56.2]",67.1,,,72,True,-2,1544,svchost.exe,0.0,0.02953685340845103
2025-09-12 09:04:11,29.6,"[23.9, 0.0, 25.7, 0.0, 34.4, 0.0, 1.6, 35.9, 9.5, 0.0, 1.8, 15.6, 42.2, 35.5, 33.3, 56.2]",67.1,,,72,True,-2,1552,LsaIso.exe,0.0,0.018042215875112944
2025-09-12 09:04:11,29.6,"[23.9, 0.0, 25.7, 0.0, 34.4, 0.0, 1.6, 35.9, 9.5, 0.0, 1.8, 15.6, 42.2, 35.5, 33.3, 56.2]",67.1,,,72,True,-2,1560,lsass.exe,0.0,0.16230719200555235
2025-09-12 09:04:11,29.6,"[23.9, 0.0, 25.7, 0.0, 34.4, 0.0, 1.6, 35.9, 9.5, 0.0, 1.8, 15.6, 42.2, 35.5, 33.3, 56.2]",67.1,,,72,True,-2,1592,svchost.exe,0.0,0.05917070797752095
2025-09-12 09:04:11,29.6,"[23.9, 0.0, 25.7, 0.0, 34.4, 0.0, 1.6, 35.9, 9.5, 0.0, 1.8, 15.6, 42.2, 35.5, 33.3, 56.2]",67.1,,,72,True,-2,1628,svchost.exe,0.0,0.1605854214045671
2025-09-12 09:04:11,29.6,"[23.9, 0.0, 25.7, 0.0, 34.4, 0.0, 1.6, 35.9, 9.5, 0.0, 1.8, 15.6, 42.2, 35.5, 33.3, 56.2]",67.1,,,72,True,-2,1692,WUDFHost.exe,0.0,0.06773106040213772
2025-09-12 09:04:11,29.6,"[23.9, 0.0, 25.7, 0.0, 34.4, 0.0, 1.6, 35.9, 9.5, 0.0, 1.8, 15.6, 42.2, 35.5, 33.3, 56.2]",67.1,,,72,True,-2,1700,postgres.exe,0.0,0.0775524279148
2025-09-12 09:04:11,29.6,"[23.9, 0.0, 25.7, 0.0, 34.4, 0.0, 1.6, 35.9, 9.5, 0.0, 1.8, 15.6, 42.2, 35.5, 33.3, 56.2]",67.1,,,72,True,-2,1764,svchost.exe,0.0,0.2351308133401816
2025-09-12 09:04:11,29.6,"[23.9, 0.0, 25.7, 0.0, 34.4, 0.0, 1.6, 35.9, 9.5, 0.0, 1.8, 15.6, 42.2, 35.5, 33.3, 56.2]",67.1,,,72,True,-2,1772,svchost.exe,0.0,0.22635220830417238
2025-09-12 09:04:11,29.6,"[23.9, 0.0, 25.7, 0.0, 34.4, 0.0, 1.6, 35.9, 9.5, 0.0, 1.8, 15.6, 42.2, 35.5, 33.3, 56.2]",67.1,,,72,True,-2,1788,PhoneExperienceHost.exe,0.0,1.1248497088267662
2025-09-12 09:04:11,29.6,"[23.9, 0.0, 25.7, 0.0, 34.4, 0.0, 1.6, 35.9, 9.5, 0.0, 1.8, 15.6, 42.2, 35.5, 33.3, 56.2]",67.1,,,72,True,-2,1804,WUDFHost.exe,0.0,0.09195710026670469
2025-09-12 09:04:11,29.6,"[23.9, 0.0, 25.7, 0.0, 34.4, 0.0, 1.6, 35.9, 9.5, 0.0, 1.8, 15.6, 42.2, 35.5, 33.3, 56.2]",67.1,,,72,True,-2,1812,fontdrvhost.exe,0.0,0.01612644295288993
2025-09-12 09:04:11,29.6,"[23.9, 0.0, 25.7, 0.0, 34.4, 0.0, 1.6, 35.9, 9.5, 0.0, 1.8, 15.6, 42.2, 35.5, 33.3, 56.2]",67.1,,,72,True,-2,1824,RuntimeBroker.exe,0.0,0.16715725003649667
2025-09-12 09:04:11,29.6,"[23.9, 0.0, 25.7, 0.0, 34.4, 0.0, 1.6, 35.9, 9.5, 0.0, 1.8, 15.6, 42.2, 35.5, 33.3, 56.2]",67.1,,,72,True,-2,1864,winlogon.exe,0.0,0.12430698733310343
2025-09-12 09:04:11,29.6,"[23.9, 0.0, 25.7, 0.0, 34.4, 0.0, 1.6, 35.9, 9.5, 0.0, 1.8, 15.6, 42.2, 35.5, 33.3, 56.2]",67.1,,,72,True,-2,1928,svchost.exe,0.0,0.10915055598640239
2025-09-12 09:04:11,29.6,"[23.9, 0.0, 25.7, 0.0, 34.4, 0.0, 1.6, 35.9, 9.5, 0.0, 1.8, 15.6, 42.2, 35.5, 33.3, 56.2]",67.1,,,72,True,-2,1980,svchost.exe,0.0,0.06603354009130719
2025-09-12 09:04:11,29.6,"[23.9, 0.0, 25.7, 0.0, 34.4, 0.0, 1.6, 35.9, 9.5, 0.0, 1.8, 15.6, 42.2, 35.5, 33.3, 56.2]",67.1,,,72,True,-2,2072,postgres.exe,0.0,0.0435777714080349
2025-09-12 09:04:11,29.6,"[23.9, 0.0, 25.7, 0.0, 34.4, 0.0, 1.6, 35.9, 9.5, 0.0, 1.8, 15.6, 42.2, 35.5, 33.3, 56.2]",67.1,,,72,True,-2,2112,svchost.exe,0.0,0.025147550890446405
2025-09-12 09:04:11,29.6,"[23.9, 0.0, 25.7, 0.0, 34.4, 0.0, 1.6, 35.9, 9.5, 0.0, 1.8, 15.6, 42.2, 35.5, 33.3, 56.2]",67.1,,,72,True,-2,2260,svchost.exe,0.0,0.06064997567695898
2025-09-12 09:04:11,29.6,"[23.9, 0.0, 25.7, 0.0, 34.4, 0.0, 1.6, 35.9, 9.5, 0.0, 1.8, 15.6, 42.2, 35.5, 33.3, 56.2]",67.1,,,72,True,-2,2268,svchost.exe,0.0,0.06642154473378274
2025-09-12 09:04:11,29.6,"[23.9, 0.0, 25.7, 0.0, 34.4, 0.0, 1.6, 35.9, 9.5, 0.0, 1.8, 15.6, 42.2, 35.5, 33.3, 56.2]",67.1,,,72,True,-2,2276,svchost.exe,0.0,0.06111073118989868
2025-09-12 09:04:11,29.6,"[23.9, 0.0, 25.7, 0.0, 34.4, 0.0, 1.6, 35.9, 9.5, 0.0, 1.8, 15.6, 42.2, 35.5, 33.3, 56.2]",67.1,,,72,True,-2,2320,chrome.exe,0.0,0.1948753316833436
2025-09-12 09:04:11,29.6,"[23.9, 0.0, 25.7, 0.0, 34.4, 0.0, 1.6, 35.9, 9.5, 0.0, 1.8, 15.6, 42.2, 35.5, 33.3, 56.2]",67.1,,,72,True,-2,2332,svchost.exe,0.0,0.09144784417345553
2025-09-12 09:04:11,29.6,"[23.9, 0.0, 25.7, 0.0, 34.4, 0.0, 1.6, 35.9, 9.5, 0.0, 1.8, 15.6, 42.2, 35.5, 33.3, 56.2]",67.1,,,72,True,-2,2400,IntelCpHDCPSvc.exe,0.0,0.02594781046555222
2025-09-12 09:04:11,29.6,"[23.9, 0.0, 25.7, 0.0, 34.4, 0.0, 1.6, 35.9, 9.5, 0.0, 1.8, 15.6, 42.2, 35.5, 33.3, 56.2]",67.1,,,72,True,-2,2408,svchost.exe,0.0,0.052817131956983863
2025-09-12 09:04:11,29.6,"[23.9, 0.0, 25.7, 0.0, 34.4, 0.0, 1.6, 35.9, 9.5, 0.0, 1.8, 15.6, 42.2, 35.5, 33.3, 56.2]",67.1,,,72,True,-2,2432,svchost.exe,0.0,0.1847144601085152
2025-09-12 09:04:11,29.6,"[23.9, 0.0, 25.7, 0.0, 34.4, 0.0, 1.6, 35.9, 9.5, 0.0, 1.8, 15.6, 42.2, 35.5, 33.3, 56.2]",67.1,,,72,True,-2,2444,svchost.exe,0.0,0.11346710763394284
2025-09-12 09:04:11,29.6,"[23.9, 0.0, 25.7, 0.0, 34.4, 0.0, 1.6, 35.9, 9.5, 0.0, 1.8, 15.6, 42.2, 35.5, 33.3, 56.2]",67.1,,,72,True,-2,2456,svchost.exe,0.0,0.029730855729688803
2025-09-12 09:04:11,29.6,"[23.9, 0.0, 25.7, 0.0, 34.4, 0.0, 1.6, 35.9, 9.5, 0.0, 1.8, 15.6, 42.2, 35.5, 33.3, 56.2]",67.1,,,72,True,-2,2484,ipf_helper.exe,0.0,0.05191987122125916
2025-09-12 09:04:11,29.6,"[23.9, 0.0, 25.7, 0.0, 34.4, 0.0, 1.6, 35.9, 9.5, 0.0, 1.8, 15.6, 42.2, 35.5, 33.3, 56.2]",67.1,,,72,True,-2,2516,svchost.exe,0.0,0.09838342715770595
2025-09-12 09:04:11,29.6,"[23.9, 0.0, 25.7, 0.0, 34.4, 0.0, 1.6, 35.9, 9.5, 0.0, 1.8, 15.6, 42.2, 35.5, 33.3, 56.2]",67.1,,,72,True,-2,2548,svchost.exe,0.0,0.06741580663012633
2025-09-12 09:04:11,29.6,"[23.9, 0.0, 25.7, 0.0, 34.4, 0.0, 1.6, 35.9, 9.5, 0.0, 1.8, 15.6, 42.2, 35.5, 33.3, 56.2]",67.1,,,72,True,-2,2676,svchost.exe,0.0,0.19698510692680438
2025-09-12 09:04:11,29.6,"[23.9, 0.0, 25.7, 0.0, 34.4, 0.0, 1.6, 35.9, 9.5, 0.0, 1.8, 15.6, 42.2, 35.5, 33.3, 56.2]",67.1,,,72,True,-2,2728,svchost.exe,0.0,0.08128697259862715
2025-09-12 09:04:11,29.6,"[23.9, 0.0, 25.7, 0.0, 34.4, 0.0, 1.6, 35.9, 9.5, 0.0, 1.8, 15.6, 42.2, 35.5, 33.3, 56.2]",67.1,,,72,True,-2,2736,NVDisplay.Container.exe,0.0,0.203290182367032
2025-09-12 09:04:11,29.6,"[23.9, 0.0, 25.7, 0.0, 34.4, 0.0, 1.6, 35.9, 9.5, 0.0, 1.8, 15.6, 42.2, 35.5, 33.3, 56.2]",67.1,,,72,True,-2,2784,svchost.exe,0.0,0.031064621688198502
2025-09-12 09:04:11,29.6,"[23.9, 0.0, 25.7, 0.0, 34.4, 0.0, 1.6, 35.9, 9.5, 0.0, 1.8, 15.6, 42.2, 35.5, 33.3, 56.2]",67.1,,,72,True,-2,2860,nvcontainer.exe,0.0,0.469849371747733
2025-09-12 09:04:11,29.6,"[23.9, 0.0, 25.7, 0.0, 34.4, 0.0, 1.6, 35.9, 9.5, 0.0, 1.8, 15.6, 42.2, 35.5, 33.3, 56.2]",67.1,,,72,True,-2,2884,LenovoVantage-(GenericTelemetryAddin).exe,0.0,0.09588564727176961
2025-09-12 09:04:11,29.6,"[23.9, 0.0, 25.7, 0.0, 34.4, 0.0, 1.6, 35.9, 9.5, 0.0, 1.8, 15.6, 42.2, 35.5, 33.3, 56.2]",67.1,,,72,True,-2,2916,WUDFHost.exe,0.0,0.03538117333573896
2025-09-12 09:04:11,29.6,"[23.9, 0.0, 25.7, 0.0, 34.4, 0.0, 1.6, 35.9, 9.5, 0.0, 1.8, 15.6, 42.2, 35.5, 33.3, 56.2]",67.1,,,72,True,-2,2976,svchost.exe,0.0,0.04471753504530682
2025-09-12 09:04:11,29.6,"[23.9, 0.0, 25.7, 0.0, 34.4, 0.0, 1.6, 35.9, 9.5, 0.0, 1.8, 15.6, 42.2, 35.5, 33.3, 56.2]",67.1,,,72,True,-2,3060,svchost.exe,0.0,0.05255037876528192
2025-09-12 09:04:11,29.6,"[23.9, 0.0, 25.7, 0.0, 34.4, 0.0, 1.6, 35.9, 9.5, 0.0, 1.8, 15.6, 42.2, 35.5, 33.3, 56.2]",67.1,,,72,True,-2,3076,chrome.exe,0.0,0.466454331126072
2025-09-12 09:04:11,29.6,"[23.9, 0.0, 25.7, 0.0, 34.4, 0.0, 1.6, 35.9, 9.5, 0.0, 1.8, 15.6, 42.2, 35.5, 33.3, 56.2]",67.1,,,72,True,-2,3108,svchost.exe,0.0,0.028663842962881055
2025-09-12 09:04:11,29.6,"[23.9, 0.0, 25.7, 0.0, 34.4, 0.0, 1.6, 35.9, 9.5, 0.0, 1.8, 15.6, 42.2, 35.5, 33.3, 56.2]",67.1,,,72,True,-2,3116,svchost.exe,0.0,0.1143158677893581
2025-09-12 09:04:11,29.6,"[23.9, 0.0, 25.7, 0.0, 34.4, 0.0, 1.6, 35.9, 9.5, 0.0, 1.8, 15.6, 42.2, 35.5, 33.3, 56.2]",67.1,,,72,True,-2,3124,svchost.exe,0.0,0.04423252924221238
2025-09-12 09:04:11,29.6,"[23.9, 0.0, 25.7, 0.0, 34.4, 0.0, 1.6, 35.9, 9.5, 0.0, 1.8, 15.6, 42.2, 35.5, 33.3, 56.2]",67.1,,,72,True,-2,3296,browserhost.exe,0.0,0.11283660008992008
2025-09-12 09:04:11,29.6,"[23.9, 0.0, 25.7, 0.0, 34.4, 0.0, 1.6, 35.9, 9.5, 0.0, 1.8, 15.6, 42.2, 35.5, 33.3, 56.2]",67.1,,,72,True,-2,3348,svchost.exe,0.0,0.05938896058891344
2025-09-12 09:04:11,29.6,"[23.9, 0.0, 25.7, 0.0, 34.4, 0.0, 1.6, 35.9, 9.5, 0.0, 1.8, 15.6, 42.2, 35.5, 33.3, 56.2]",67.1,,,72,True,-2,3440,MemCompression,0.0,2.3591167268316364
2025-09-12 09:04:11,29.6,"[23.9, 0.0, 25.7, 0.0, 34.4, 0.0, 1.6, 35.9, 9.5, 0.0, 1.8, 15.6, 42.2, 35.5, 33.3, 56.2]",67.1,,,72,True,-2,3472,RuntimeBroker.exe,0.0,0.259235601753975
2025-09-12 09:04:11,29.6,"[23.9, 0.0, 25.7, 0.0, 34.4, 0.0, 1.6, 35.9, 9.5, 0.0, 1.8, 15.6, 42.2, 35.5, 33.3, 56.2]",67.1,,,72,True,-2,3480,svchost.exe,0.0,0.045687546651495686
2025-09-12 09:04:11,29.6,"[23.9, 0.0, 25.7, 0.0, 34.4, 0.0, 1.6, 35.9, 9.5, 0.0, 1.8, 15.6, 42.2, 35.5, 33.3, 56.2]",67.1,,,72,True,-2,3488,svchost.exe,0.0,0.06329325730382364
2025-09-12 09:04:11,29.6,"[23.9, 0.0, 25.7, 0.0, 34.4, 0.0, 1.6, 35.9, 9.5, 0.0, 1.8, 15.6, 42.2, 35.5, 33.3, 56.2]",67.1,,,72,True,-2,3532,WUDFHost.exe,0.0,0.028251588030250782
2025-09-12 09:04:11,29.6,"[23.9, 0.0, 25.7, 0.0, 34.4, 0.0, 1.6, 35.9, 9.5, 0.0, 1.8, 15.6, 42.2, 35.5, 33.3, 56.2]",67.1,,,72,True,-2,3556,svchost.exe,0.0,0.03215588474516098
2025-09-12 09:04:11,29.6,"[23.9, 0.0, 25.7, 0.0, 34.4, 0.0, 1.6, 35.9, 9.5, 0.0, 1.8, 15.6, 42.2, 35.5, 33.3, 56.2]",67.1,,,72,True,-2,3588,msedgewebview2.exe,0.0,0.19460857849164165
2025-09-12 09:04:11,29.6,"[23.9, 0.0, 25.7, 0.0, 34.4, 0.0, 1.6, 35.9, 9.5, 0.0, 1.8, 15.6, 42.2, 35.5, 33.3, 56.2]",67.1,,,72,True,-2,3616,RuntimeBroker.exe,0.0,0.185951224906406
2025-09-12 09:04:11,29.6,"[23.9, 0.0, 25.7, 0.0, 34.4, 0.0, 1.6, 35.9, 9.5, 0.0, 1.8, 15.6, 42.2, 35.5, 33.3, 56.2]",67.1,,,72,True,-2,3620,CrossDeviceResume.exe,0.0,0.4347834521840054
2025-09-12 09:04:11,29.6,"[23.9, 0.0, 25.7, 0.0, 34.4, 0.0, 1.6, 35.9, 9.5, 0.0, 1.8, 15.6, 42.2, 35.5, 33.3, 56.2]",67.1,,,72,True,-2,3640,cmd.exe,0.0,0.028663842962881055
2025-09-12 09:04:11,29.6,"[23.9, 0.0, 25.7, 0.0, 34.4, 0.0, 1.6, 35.9, 9.5, 0.0, 1.8, 15.6, 42.2, 35.5, 33.3, 56.2]",67.1,,,72,True,-2,3732,svchost.exe,0.0,0.057085183024214885
2025-09-12 09:04:11,29.6,"[23.9, 0.0, 25.7, 0.0, 34.4, 0.0, 1.6, 35.9, 9.5, 0.0, 1.8, 15.6, 42.2, 35.5, 33.3, 56.2]",67.1,,,72,True,-2,3740,svchost.exe,0.0,0.04784582247526591
2025-09-12 09:04:11,29.6,"[23.9, 0.0, 25.7, 0.0, 34.4, 0.0, 1.6, 35.9, 9.5, 0.0, 1.8, 15.6, 42.2, 35.5, 33.3, 56.2]",67.1,,,72,True,-2,3768,EpicWebHelper.exe,0.0,0.21342680365170572
2025-09-12 09:04:11,29.6,"[23.9, 0.0, 25.7, 0.0, 34.4, 0.0, 1.6, 35.9, 9.5, 0.0, 1.8, 15.6, 42.2, 35.5, 33.3, 56.2]",67.1,,,72,True,-2,3840,svchost.exe,0.0,0.13951191926011394
2025-09-12 09:04:11,29.6,"[23.9, 0.0, 25.7, 0.0, 34.4, 0.0, 1.6, 35.9, 9.5, 0.0, 1.8, 15.6, 42.2, 35.5, 33.3, 56.2]",67.1,,,72,True,-2,3900,WUDFHost.exe,0.0,0.027257326133907193
2025-09-12 09:04:11,29.6,"[23.9, 0.0, 25.7, 0.0, 34.4, 0.0, 1.6, 35.9, 9.5, 0.0, 1.8, 15.6, 42.2, 35.5, 33.3, 56.2]",67.1,,,72,True,-2,3972,svchost.exe,0.0,0.0887318116761267
2025-09-12 09:04:11,29.6,"[23.9, 0.0, 25.7, 0.0, 34.4, 0.0, 1.6, 35.9, 9.5, 0.0, 1.8, 15.6, 42.2, 35.5, 33.3, 56.2]",67.1,,,72,True,-2,4056,svchost.exe,0.0,0.043408019376951844
2025-09-12 09:04:11,29.6,"[23.9, 0.0, 25.7, 0.0, 34.4, 0.0, 1.6, 35.9, 9.5, 0.0, 1.8, 15.6, 42.2, 35.5, 33.3, 56.2]",67.1,,,72,True,-2,4068,svchost.exe,0.0,0.15847564616110632
2025-09-12 09:04:11,29.6,"[23.9, 0.0, 25.7, 0.0, 34.4, 0.0, 1.6, 35.9, 9.5, 0.0, 1.8, 15.6, 42.2, 35.5, 33.3, 56.2]",67.1,,,72,True,-2,4076,svchost.exe,0.0,0.0385579613460075
2025-09-12 09:04:11,29.6,"[23.9, 0.0, 25.7, 0.0, 34.4, 0.0, 1.6, 35.9, 9.5, 0.0, 1.8, 15.6, 42.2, 35.5, 33.3, 56.2]",67.1,,,72,True,-2,4092,chrome.exe,0.0,0.0683858182363152
2025-09-12 09:04:11,29.6,"[23.9, 0.0, 25.7, 0.0, 34.4, 0.0, 1.6, 35.9, 9.5, 0.0, 1.8, 15.6, 42.2, 35.5, 33.3, 56.2]",67.1,,,72,True,-2,4296,svchost.exe,0.0,0.06984083564559851
2025-09-12 09:04:11,29.6,"[23.9, 0.0, 25.7, 0.0, 34.4, 0.0, 1.6, 35.9, 9.5, 0.0, 1.8, 15.6, 42.2, 35.5, 33.3, 56.2]",67.1,,,72,True,-2,4304,svchost.exe,0.0,0.059267709138139835
2025-09-12 09:04:11,29.6,"[23.9, 0.0, 25.7, 0.0, 34.4, 0.0, 1.6, 35.9, 9.5, 0.0, 1.8, 15.6, 42.2, 35.5, 33.3, 56.2]",67.1,,,72,True,-2,4368,svchost.exe,0.0,0.17338957460626017
2025-09-12 09:04:11,29.6,"[23.9, 0.0, 25.7, 0.0, 34.4, 0.0, 1.6, 35.9, 9.5, 0.0, 1.8, 15.6, 42.2, 35.5, 33.3, 56.2]",67.1,,,72,True,-2,4456,svchost.exe,0.0,0.07803743371789444
2025-09-12 09:04:11,29.6,"[23.9, 0.0, 25.7, 0.0, 34.4, 0.0, 1.6, 35.9, 9.5, 0.0, 1.8, 15.6, 42.2, 35.5, 33.3, 56.2]",67.1,,,72,True,-2,4468,LenovoVantage-(DeviceSettingsSystemAddin).exe,0.0,0.338267297368213
2025-09-12 09:04:11,29.6,"[23.9, 0.0, 25.7, 0.0, 34.4, 0.0, 1.6, 35.9, 9.5, 0.0, 1.8, 15.6, 42.2, 35.5, 33.3, 56.2]",67.1,,,72,True,-2,4472,svchost.exe,0.0,0.03036136327371157
2025-09-12 09:04:11,29.6,"[23.9, 0.0, 25.7, 0.0, 34.4, 0.0, 1.6, 35.9, 9.5, 0.0, 1.8, 15.6, 42.2, 35.5, 33.3, 56.2]",67.1,,,72,True,-2,4648,svchost.exe,0.0,0.2577078334742275
2025-09-12 09:04:11,29.6,"[23.9, 0.0, 25.7, 0.0, 34.4, 0.0, 1.6, 35.9, 9.5, 0.0, 1.8, 15.6, 42.2, 35.5, 33.3, 56.2]",67.1,,,72,True,-2,4664,svchost.exe,0.0,0.11819591421411357
2025-09-12 09:04:11,29.6,"[23.9, 0.0, 25.7, 0.0, 34.4, 0.0, 1.6, 35.9, 9.5, 0.0, 1.8, 15.6, 42.2, 35.5, 33.3, 56.2]",67.1,,,72,True,-2,4748,svchost.exe,0.0,0.09076883604912332
2025-09-12 09:04:11,29.6,"[23.9, 0.0, 25.7, 0.0, 34.4, 0.0, 1.6, 35.9, 9.5, 0.0, 1.8, 15.6, 42.2, 35.5, 33.3, 56.2]",67.1,,,72,True,-2,4924,svchost.exe,0.0,0.03991597759467192
2025-09-12 09:04:11,29.6,"[23.9, 0.0, 25.7, 0.0, 34.4, 0.0, 1.6, 35.9, 9.5, 0.0, 1.8, 15.6, 42.2, 35.5, 33.3, 56.2]",67.1,,,72,True,-2,4932,spoolsv.exe,0.0,0.08904706544813809
2025-09-12 09:04:11,29.6,"[23.9, 0.0, 25.7, 0.0, 34.4, 0.0, 1.6, 35.9, 9.5, 0.0, 1.8, 15.6, 42.2, 35.5, 33.3, 56.2]",67.1,,,72,True,-2,4980,cmd.exe,0.0,0.028639592672726328
2025-09-12 09:04:11,29.6,"[23.9, 0.0, 25.7, 0.0, 34.4, 0.0, 1.6, 35.9, 9.5, 0.0, 1.8, 15.6, 42.2, 35.5, 33.3, 56.2]",67.1,,,72,True,-2,4984,msedgewebview2.exe,0.0,0.2783448303958957
2025-09-12 09:04:11,29.6,"[23.9, 0.0, 25.7, 0.0, 34.4, 0.0, 1.6, 35.9, 9.5, 0.0, 1.8, 15.6, 42.2, 35.5, 33.3, 56.2]",67.1,,,72,True,-2,5032,WmiPrvSE.exe,0.0,0.06809481475445854
2025-09-12 09:04:11,29.6,"[23.9, 0.0, 25.7, 0.0, 34.4, 0.0, 1.6, 35.9, 9.5, 0.0, 1.8, 15.6, 42.2, 35.5, 33.3, 56.2]",67.1,,,72,True,-2,5084,svchost.exe,0.0,0.2447096779512967
2025-09-12 09:04:11,29.6,"[23.9, 0.0, 25.7, 0.0, 34.4, 0.0, 1.6, 35.9, 9.5, 0.0, 1.8, 15.6, 42.2, 35.5, 33.3, 56.2]",67.1,,,72,True,-2,5160,svchost.exe,0.0,0.040716237169777736
2025-09-12 09:04:11,29.6,"[23.9, 0.0, 25.7, 0.0, 34.4, 0.0, 1.6, 35.9, 9.5, 0.0, 1.8, 15.6, 42.2, 35.5, 33.3, 56.2]",67.1,,,72,True,-2,5248,conhost.exe,0.0,0.040400983397766356
2025-09-12 09:04:11,29.6,"[23.9, 0.0, 25.7, 0.0, 34.4, 0.0, 1.6, 35.9, 9.5, 0.0, 1.8, 15.6, 42.2, 35.5, 33.3, 56.2]",67.1,,,72,True,-2,5252,SearchIndexer.exe,0.0,0.22775872513314624
2025-09-12 09:04:11,29.6,"[23.9, 0.0, 25.7, 0.0, 34.4, 0.0, 1.6, 35.9, 9.5, 0.0, 1.8, 15.6, 42.2, 35.5, 33.3, 56.2]",67.1,,,72,True,-2,5344,svchost.exe,0.0,0.363099594486648
2025-09-12 09:04:11,29.6,"[23.9, 0.0, 25.7, 0.0, 34.4, 0.0, 1.6, 35.9, 9.5, 0.0, 1.8, 15.6, 42.2, 35.5, 33.3, 56.2]",67.1,,,72,True,-2,5348,svchost.exe,0.0,0.05478140545951632
2025-09-12 09:04:11,29.6,"[23.9, 0.0, 25.7, 0.0, 34.4, 0.0, 1.6, 35.9, 9.5, 0.0, 1.8, 15.6, 42.2, 35.5, 33.3, 56.2]",67.1,,,72,True,-2,5364,svchost.exe,0.0,0.09455188131325991
2025-09-12 09:04:11,29.6,"[23.9, 0.0, 25.7, 0.0, 34.4, 0.0, 1.6, 35.9, 9.5, 0.0, 1.8, 15.6, 42.2, 35.5, 33.3, 56.2]",67.1,,,72,True,-2,5384,AppActions.exe,0.0,0.26386740717352686
2025-09-12 09:04:11,29.6,"[23.9, 0.0, 25.7, 0.0, 34.4, 0.0, 1.6, 35.9, 9.5, 0.0, 1.8, 15.6, 42.2, 35.5, 33.3, 56.2]",67.1,,,72,True,-2,5388,FMService64.exe,0.0,0.0478215721851112
2025-09-12 09:04:11,29.6,"[23.9, 0.0, 25.7, 0.0, 34.4, 0.0, 1.6, 35.9, 9.5, 0.0, 1.8, 15.6, 42.2, 35.5, 33.3, 56.2]",67.1,,,72,True,-2,5392,OneApp.IGCC.WinService.exe,0.0,0.1626951966480279
2025-09-12 09:04:11,29.6,"[23.9, 0.0, 25.7, 0.0, 34.4, 0.0, 1.6, 35.9, 9.5, 0.0, 1.8, 15.6, 42.2, 35.5, 33.3, 56.2]",67.1,,,72,True,-2,5404,LenovoVantageService.exe,0.0,0.4088356417184531
2025-09-12 09:04:11,29.6,"[23.9, 0.0, 25.7, 0.0, 34.4, 0.0, 1.6, 35.9, 9.5, 0.0, 1.8, 15.6, 42.2, 35.5, 33.3, 56.2]",67.1,,,72,True,-2,5412,Lenovo.Modern.ImController.exe,0.0,0.2499719909148713
2025-09-12 09:04:11,29.6,"[23.9, 0.0, 25.7, 0.0, 34.4, 0.0, 1.6, 35.9, 9.5, 0.0, 1.8, 15.6, 42.2, 35.5, 33.3, 56.2]",67.1,,,72,True,-2,5424,servicehost.exe,0.0,0.21318430075015848
2025-09-12 09:04:11,29.6,"[23.9, 0.0, 25.7, 0.0, 34.4, 0.0, 1.6, 35.9, 9.5, 0.0, 1.8, 15.6, 42.2, 35.5, 33.3, 56.2]",67.1,,,72,True,-2,5440,mc-fw-host.exe,0.0,0.7968160339038457
2025-09-12 09:04:11,29.6,"[23.9, 0.0, 25.7, 0.0, 34.4, 0.0, 1.6, 35.9, 9.5, 0.0, 1.8, 15.6, 42.2, 35.5, 33.3, 56.2]",67.1,,,72,True,-2,5448,svchost.exe,0.0,0.059340460008604004
2025-09-12 09:04:11,29.6,"[23.9, 0.0, 25.7, 0.0, 34.4, 0.0, 1.6, 35.9, 9.5, 0.0, 1.8, 15.6, 42.2, 35.5, 33.3, 56.2]",67.1,,,72,True,-2,5456,NahimicService.exe,0.0,0.18621797809810794
2025-09-12 09:04:11,29.6,"[23.9, 0.0, 25.7, 0.0, 34.4, 0.0, 1.6, 35.9, 9.5, 0.0, 1.8, 15.6, 42.2, 35.5, 33.3, 56.2]",67.1,,,72,True,-2,5484,svchost.exe,0.0,0.08085046737584214
2025-09-12 09:04:11,29.6,"[23.9, 0.0, 25.7, 0.0, 34.4, 0.0, 1.6, 35.9, 9.5, 0.0, 1.8, 15.6, 42.2, 35.5, 33.3, 56.2]",67.1,,,72,True,-2,5492,LenovoUtilityService.exe,0.0,0.08587027743786954
2025-09-12 09:04:11,29.6,"[23.9, 0.0, 25.7, 0.0, 34.4, 0.0, 1.6, 35.9, 9.5, 0.0, 1.8, 15.6, 42.2, 35.5, 33.3, 56.2]",67.1,,,72,True,-2,5500,IntelAudioService.exe,0.0,0.15949415834760464
2025-09-12 09:04:11,29.6,"[23.9, 0.0, 25.7, 0.0, 34.4, 0.0, 1.6, 35.9, 9.5, 0.0, 1.8, 15.6, 42.2, 35.5, 33.3, 56.2]",67.1,,,72,True,-2,5508,jhi_service.exe,0.0,0.029294350506903818
2025-09-12 09:04:11,29.6,"[23.9, 0.0, 25.7, 0.0, 34.4, 0.0, 1.6, 35.9, 9.5, 0.0, 1.8, 15.6, 42.2, 35.5, 33.3, 56.2]",67.1,,,72,True,-2,5516,MpDefenderCoreService.exe,0.0,0.11931142756123075
2025-09-12 09:04:11,29.6,"[23.9, 0.0, 25.7, 0.0, 34.4, 0.0, 1.6, 35.9, 9.5, 0.0, 1.8, 15.6, 42.2, 35.5, 33.3, 56.2]",67.1,,,72,True,-2,5540,svchost.exe,0.0,0.1998223908749068
2025-09-12 09:04:11,29.6,"[23.9, 0.0, 25.7, 0.0, 34.4, 0.0, 1.6, 35.9, 9.5, 0.0, 1.8, 15.6, 42.2, 35.5, 33.3, 56.2]",67.1,,,72,True,-2,5552,Code.exe,0.0,0.6419779312659476
2025-09-12 09:04:11,29.6,"[23.9, 0.0, 25.7, 0.0, 34.4, 0.0, 1.6, 35.9, 9.5, 0.0, 1.8, 15.6, 42.2, 35.5, 33.3, 56.2]",67.1,,,72,True,-2,5564,RuntimeBroker.exe,0.0,0.07221736408076122
2025-09-12 09:04:11,29.6,"[23.9, 0.0, 25.7, 0.0, 34.4, 0.0, 1.6, 35.9, 9.5, 0.0, 1.8, 15.6, 42.2, 35.5, 33.3, 56.2]",67.1,,,72,True,-2,5572,EpicGamesLauncher.exe,0.0,1.2846106203660728
2025-09-12 09:04:11,29.6,"[23.9, 0.0, 25.7, 0.0, 34.4, 0.0, 1.6, 35.9, 9.5, 0.0, 1.8, 15.6, 42.2, 35.5, 33.3, 56.2]",67.1,,,72,True,-2,5588,OfficeClickToRun.exe,0.0,0.2743677828105213
2025-09-12 09:04:11,29.6,"[23.9, 0.0, 25.7, 0.0, 34.4, 0.0, 1.6, 35.9, 9.5, 0.0, 1.8, 15.6, 42.2, 35.5, 33.3, 56.2]",67.1,,,72,True,-2,5596,ipfsvc.exe,0.0,0.030312862693402123
2025-09-12 09:04:11,29.6,"[23.9, 0.0, 25.7, 0.0, 34.4, 0.0, 1.6, 35.9, 9.5, 0.0, 1.8, 15.6, 42.2, 35.5, 33.3, 56.2]",67.1,,,72,True,-2,5608,mongod.exe,0.0,0.19800361911330272
2025-09-12 09:04:11,29.6,"[23.9, 0.0, 25.7, 0.0, 34.4, 0.0, 1.6, 35.9, 9.5, 0.0, 1.8, 15.6, 42.2, 35.5, 33.3, 56.2]",67.1,,,72,True,-2,5616,mysqld.exe,0.0,0.041953001967668546
2025-09-12 09:04:11,29.6,"[23.9, 0.0, 25.7, 0.0, 34.4, 0.0, 1.6, 35.9, 9.5, 0.0, 1.8, 15.6, 42.2, 35.5, 33.3, 56.2]",67.1,,,72,True,-2,5656,nvcontainer.exe,0.0,0.2027081754033187
2025-09-12 09:04:11,29.6,"[23.9, 0.0, 25.7, 0.0, 34.4, 0.0, 1.6, 35.9, 9.5, 0.0, 1.8, 15.6, 42.2, 35.5, 33.3, 56.2]",67.1,,,72,True,-2,5788,pg_ctl.exe,0.0,0.030094610082009633
2025-09-12 09:04:11,29.6,"[23.9, 0.0, 25.7, 0.0, 34.4, 0.0, 1.6, 35.9, 9.5, 0.0, 1.8, 15.6, 42.2, 35.5, 33.3, 56.2]",67.1,,,72,True,-2,5800,svchost.exe,0.0,0.09127809214237248
2025-09-12 09:04:11,29.6,"[23.9, 0.0, 25.7, 0.0, 34.4, 0.0, 1.6, 35.9, 9.5, 0.0, 1.8, 15.6, 42.2, 35.5, 33.3, 56.2]",67.1,,,72,True,-2,5820,backgroundTaskHost.exe,0.0,0.13019980784070082
2025-09-12 09:04:11,29.6,"[23.9, 0.0, 25.7, 0.0, 34.4, 0.0, 1.6, 35.9, 9.5, 0.0, 1.8, 15.6, 42.2, 35.5, 33.3, 56.2]",67.1,,,72,True,-2,5828,RtkAudUService64.exe,0.0,0.06341450875459724
2025-09-12 09:04:11,29.6,"[23.9, 0.0, 25.7, 0.0, 34.4, 0.0, 1.6, 35.9, 9.5, 0.0, 1.8, 15.6, 42.2, 35.5, 33.3, 56.2]",67.1,,,72,True,-2,5888,chrome.exe,0.0,0.3118587313897211
2025-09-12 09:04:11,29.6,"[23.9, 0.0, 25.7, 0.0, 34.4, 0.0, 1.6, 35.9, 9.5, 0.0, 1.8, 15.6, 42.2, 35.5, 33.3, 56.2]",67.1,,,72,True,-2,5936,RtkBtManServ.exe,0.0,0.03596318029945228
2025-09-12 09:04:11,29.6,"[23.9, 0.0, 25.7, 0.0, 34.4, 0.0, 1.6, 35.9, 9.5, 0.0, 1.8, 15.6, 42.2, 35.5, 33.3, 56.2]",67.1,,,72,True,-2,5948,svchost.exe,0.0,0.03033711298355685
2025-09-12 09:04:11,29.6,"[23.9, 0.0, 25.7, 0.0, 34.4, 0.0, 1.6, 35.9, 9.5, 0.0, 1.8, 15.6, 42.2, 35.5, 33.3, 56.2]",67.1,,,72,True,-2,6048,UDClientService.exe,0.0,0.23571282030389493
2025-09-12 09:04:11,29.6,"[23.9, 0.0, 25.7, 0.0, 34.4, 0.0, 1.6, 35.9, 9.5, 0.0, 1.8, 15.6, 42.2, 35.5, 33.3, 56.2]",67.1,,,72,True,-2,6056,chrome.exe,0.0,0.5851352511432799
2025-09-12 09:04:11,29.6,"[23.9, 0.0, 25.7, 0.0, 34.4, 0.0, 1.6, 35.9, 9.5, 0.0, 1.8, 15.6, 42.2, 35.5, 33.3, 56.2]",67.1,,,72,True,-2,6064,WMIRegistrationService.exe,0.0,0.05558166503462214
2025-09-12 09:04:11,29.6,"[23.9, 0.0, 25.7, 0.0, 34.4, 0.0, 1.6, 35.9, 9.5, 0.0, 1.8, 15.6, 42.2, 35.5, 33.3, 56.2]",67.1,,,72,True,-2,6076,svchost.exe,0.0,0.1180989130534947
2025-09-12 09:04:11,29.6,"[23.9, 0.0, 25.7, 0.0, 34.4, 0.0, 1.6, 35.9, 9.5, 0.0, 1.8, 15.6, 42.2, 35.5, 33.3, 56.2]",67.1,,,72,True,-2,6092,MsMpEng.exe,0.0,2.741859056343609
2025-09-12 09:04:11,29.6,"[23.9, 0.0, 25.7, 0.0, 34.4, 0.0, 1.6, 35.9, 9.5, 0.0, 1.8, 15.6, 42.2, 35.5, 33.3, 56.2]",67.1,,,72,True,-2,6120,wslservice.exe,0.0,0.11933567785138549
2025-09-12 09:04:11,29.6,"[23.9, 0.0, 25.7, 0.0, 34.4, 0.0, 1.6, 35.9, 9.5, 0.0, 1.8, 15.6, 42.2, 35.5, 33.3, 56.2]",67.1,,,72,True,-2,6132,svchost.exe,0.0,0.0347506657917162
2025-09-12 09:04:11,29.6,"[23.9, 0.0, 25.7, 0.0, 34.4, 0.0, 1.6, 35.9, 9.5, 0.0, 1.8, 15.6, 42.2, 35.5, 33.3, 56.2]",67.1,,,72,True,-2,6140,svchost.exe,0.0,0.04917958843377561
2025-09-12 09:04:11,29.6,"[23.9, 0.0, 25.7, 0.0, 34.4, 0.0, 1.6, 35.9, 9.5, 0.0, 1.8, 15.6, 42.2, 35.5, 33.3, 56.2]",67.1,,,72,True,-2,6152,ipf_uf.exe,0.0,0.039164218599875546
2025-09-12 09:04:11,29.6,"[23.9, 0.0, 25.7, 0.0, 34.4, 0.0, 1.6, 35.9, 9.5, 0.0, 1.8, 15.6, 42.2, 35.5, 33.3, 56.2]",67.1,,,72,True,-2,6224,Lenovo.Modern.ImController.PluginHost.Device.exe,0.0,0.3096762052757961
2025-09-12 09:04:11,29.6,"[23.9, 0.0, 25.7, 0.0, 34.4, 0.0, 1.6, 35.9, 9.5, 0.0, 1.8, 15.6, 42.2, 35.5, 33.3, 56.2]",67.1,,,72,True,-2,7024,unsecapp.exe,0.0,0.06096522944897036
2025-09-12 09:04:11,29.6,"[23.9, 0.0, 25.7, 0.0, 34.4, 0.0, 1.6, 35.9, 9.5, 0.0, 1.8, 15.6, 42.2, 35.5, 33.3, 56.2]",67.1,,,72,True,-2,7092,mysqld.exe,0.0,0.3087546942499167
2025-09-12 09:04:11,29.6,"[23.9, 0.0, 25.7, 0.0, 34.4, 0.0, 1.6, 35.9, 9.5, 0.0, 1.8, 15.6, 42.2, 35.5, 33.3, 56.2]",67.1,,,72,True,-2,7108,svchost.exe,0.0,0.05053760468244002
2025-09-12 09:04:11,29.6,"[23.9, 0.0, 25.7, 0.0, 34.4, 0.0, 1.6, 35.9, 9.5, 0.0, 1.8, 15.6, 42.2, 35.5, 33.3, 56.2]",67.1,,,72,True,-2,7188,unsecapp.exe,0.0,0.06106223060958925
2025-09-12 09:04:11,29.6,"[23.9, 0.0, 25.7, 0.0, 34.4, 0.0, 1.6, 35.9, 9.5, 0.0, 1.8, 15.6, 42.2, 35.5, 33.3, 56.2]",67.1,,,72,True,-2,7576,chrome.exe,0.0,1.3610232846436008
2025-09-12 09:04:11,29.6,"[23.9, 0.0, 25.7, 0.0, 34.4, 0.0, 1.6, 35.9, 9.5, 0.0, 1.8, 15.6, 42.2, 35.5, 33.3, 56.2]",67.1,,,72,True,-2,7592,Code.exe,0.0,1.3677648653066135
2025-09-12 09:04:11,29.6,"[23.9, 0.0, 25.7, 0.0, 34.4, 0.0, 1.6, 35.9, 9.5, 0.0, 1.8, 15.6, 42.2, 35.5, 33.3, 56.2]",67.1,,,72,True,-2,7688,taskhostw.exe,0.0,0.13672313589232096
2025-09-12 09:04:11,29.6,"[23.9, 0.0, 25.7, 0.0, 34.4, 0.0, 1.6, 35.9, 9.5, 0.0, 1.8, 15.6, 42.2, 35.5, 33.3, 56.2]",67.1,,,72,True,-2,7760,NgcIso.exe,0.0,0.0253658035018389
2025-09-12 09:04:11,29.6,"[23.9, 0.0, 25.7, 0.0, 34.4, 0.0, 1.6, 35.9, 9.5, 0.0, 1.8, 15.6, 42.2, 35.5, 33.3, 56.2]",67.1,,,72,True,-2,7860,msedgewebview2.exe,0.0,0.05764293969777348
2025-09-12 09:04:11,29.6,"[23.9, 0.0, 25.7, 0.0, 34.4, 0.0, 1.6, 35.9, 9.5, 0.0, 1.8, 15.6, 42.2, 35.5, 33.3, 56.2]",67.1,,,72,True,-2,7892,svchost.exe,0.0,0.09135084301283665
2025-09-12 09:04:11,29.6,"[23.9, 0.0, 25.7, 0.0, 34.4, 0.0, 1.6, 35.9, 9.5, 0.0, 1.8, 15.6, 42.2, 35.5, 33.3, 56.2]",67.1,,,72,True,-2,7988,svchost.exe,0.0,0.09661315597641126
2025-09-12 09:04:11,29.6,"[23.9, 0.0, 25.7, 0.0, 34.4, 0.0, 1.6, 35.9, 9.5, 0.0, 1.8, 15.6, 42.2, 35.5, 33.3, 56.2]",67.1,,,72,True,-2,7996,unsecapp.exe,0.0,0.049106837563311447
2025-09-12 09:04:11,29.6,"[23.9, 0.0, 25.7, 0.0, 34.4, 0.0, 1.6, 35.9, 9.5, 0.0, 1.8, 15.6, 42.2, 35.5, 33.3, 56.2]",67.1,,,72,True,-2,8372,svchost.exe,0.0,0.046512056516756224
2025-09-12 09:04:11,29.6,"[23.9, 0.0, 25.7, 0.0, 34.4, 0.0, 1.6, 35.9, 9.5, 0.0, 1.8, 15.6, 42.2, 35.5, 33.3, 56.2]",67.1,,,72,True,-2,8436,Code.exe,0.0,0.21878611777589918
2025-09-12 09:04:11,29.6,"[23.9, 0.0, 25.7, 0.0, 34.4, 0.0, 1.6, 35.9, 9.5, 0.0, 1.8, 15.6, 42.2, 35.5, 33.3, 56.2]",67.1,,,72,True,-2,8540,Nahimic3.exe,0.0,0.4836235365556149
2025-09-12 09:04:11,29.6,"[23.9, 0.0, 25.7, 0.0, 34.4, 0.0, 1.6, 35.9, 9.5, 0.0, 1.8, 15.6, 42.2, 35.5, 33.3, 56.2]",67.1,,,72,True,-2,8572,msedgewebview2.exe,0.0,0.7326740164446068
2025-09-12 09:04:11,29.6,"[23.9, 0.0, 25.7, 0.0, 34.4, 0.0, 1.6, 35.9, 9.5, 0.0, 1.8, 15.6, 42.2, 35.5, 33.3, 56.2]",67.1,,,72,True,-2,8824,WmiPrvSE.exe,0.0,0.13614112892860764
2025-09-12 09:04:11,29.6,"[23.9, 0.0, 25.7, 0.0, 34.4, 0.0, 1.6, 35.9, 9.5, 0.0, 1.8, 15.6, 42.2, 35.5, 33.3, 56.2]",67.1,,,72,True,-2,8988,msedgewebview2.exe,0.0,0.07207186233983288
2025-09-12 09:04:11,29.6,"[23.9, 0.0, 25.7, 0.0, 34.4, 0.0, 1.6, 35.9, 9.5, 0.0, 1.8, 15.6, 42.2, 35.5, 33.3, 56.2]",67.1,,,72,True,-2,9096,chrome.exe,0.0,0.4656055709706567
2025-09-12 09:04:11,29.6,"[23.9, 0.0, 25.7, 0.0, 34.4, 0.0, 1.6, 35.9, 9.5, 0.0, 1.8, 15.6, 42.2, 35.5, 33.3, 56.2]",67.1,,,72,True,-2,9164,Locator.exe,0.0,0.016562948175674923
2025-09-12 09:04:11,29.6,"[23.9, 0.0, 25.7, 0.0, 34.4, 0.0, 1.6, 35.9, 9.5, 0.0, 1.8, 15.6, 42.2, 35.5, 33.3, 56.2]",67.1,,,72,True,-2,9288,svchost.exe,0.0,0.04631805419551845
2025-09-12 09:04:11,29.6,"[23.9, 0.0, 25.7, 0.0, 34.4, 0.0, 1.6, 35.9, 9.5, 0.0, 1.8, 15.6, 42.2, 35.5, 33.3, 56.2]",67.1,,,72,True,-2,9332,svchost.exe,0.0,0.21682184427336673
2025-09-12 09:04:11,29.6,"[23.9, 0.0, 25.7, 0.0, 34.4, 0.0, 1.6, 35.9, 9.5, 0.0, 1.8, 15.6, 42.2, 35.5, 33.3, 56.2]",67.1,,,72,True,-2,9352,chrome.exe,0.0,0.1526555765239731
2025-09-12 09:04:12,29.6,"[23.9, 0.0, 25.7, 0.0, 34.4, 0.0, 1.6, 35.9, 9.5, 0.0, 1.8, 15.6, 42.2, 35.5, 33.3, 56.2]",67.1,,,72,True,-2,9468,svchost.exe,0.0,0.12454949023465066
2025-09-12 09:04:12,29.6,"[23.9, 0.0, 25.7, 0.0, 34.4, 0.0, 1.6, 35.9, 9.5, 0.0, 1.8, 15.6, 42.2, 35.5, 33.3, 56.2]",67.1,,,72,True,-2,9472,ms-teams.exe,0.0,0.07898319503392859
2025-09-12 09:04:12,29.6,"[23.9, 0.0, 25.7, 0.0, 34.4, 0.0, 1.6, 35.9, 9.5, 0.0, 1.8, 15.6, 42.2, 35.5, 33.3, 56.2]",67.1,,,72,True,-2,9548,Widgets.exe,0.0,0.44428956592465635
2025-09-12 09:04:12,29.6,"[23.9, 0.0, 25.7, 0.0, 34.4, 0.0, 1.6, 35.9, 9.5, 0.0, 1.8, 15.6, 42.2, 35.5, 33.3, 56.2]",67.1,,,72,True,-2,9684,Code.exe,0.0,0.7011243889533139
2025-09-12 09:04:12,29.6,"[23.9, 0.0, 25.7, 0.0, 34.4, 0.0, 1.6, 35.9, 9.5, 0.0, 1.8, 15.6, 42.2, 35.5, 33.3, 56.2]",67.1,,,72,True,-2,9752,svchost.exe,0.0,0.11273959892930119
2025-09-12 09:04:12,29.6,"[23.9, 0.0, 25.7, 0.0, 34.4, 0.0, 1.6, 35.9, 9.5, 0.0, 1.8, 15.6, 42.2, 35.5, 33.3, 56.2]",67.1,,,72,True,-2,9840,msedgewebview2.exe,0.0,0.0721931137906065
2025-09-12 09:04:12,29.6,"[23.9, 0.0, 25.7, 0.0, 34.4, 0.0, 1.6, 35.9, 9.5, 0.0, 1.8, 15.6, 42.2, 35.5, 33.3, 56.2]",67.1,,,72,True,-2,10108,svchost.exe,0.0,0.07684916950031308
2025-09-12 09:04:12,29.6,"[23.9, 0.0, 25.7, 0.0, 34.4, 0.0, 1.6, 35.9, 9.5, 0.0, 1.8, 15.6, 42.2, 35.5, 33.3, 56.2]",67.1,,,72,True,-2,10388,gamingservicesnet.exe,0.0,0.0402312313666833
2025-09-12 09:04:12,29.6,"[23.9, 0.0, 25.7, 0.0, 34.4, 0.0, 1.6, 35.9, 9.5, 0.0, 1.8, 15.6, 42.2, 35.5, 33.3, 56.2]",67.1,,,72,True,-2,10396,gamingservices.exe,0.0,0.17998565352834445
2025-09-12 09:04:12,29.6,"[23.9, 0.0, 25.7, 0.0, 34.4, 0.0, 1.6, 35.9, 9.5, 0.0, 1.8, 15.6, 42.2, 35.5, 33.3, 56.2]",67.1,,,72,True,-2,10416,IntelGraphicsSoftware.Service.exe,0.0,0.15626886975702664
2025-09-12 09:04:12,29.6,"[23.9, 0.0, 25.7, 0.0, 34.4, 0.0, 1.6, 35.9, 9.5, 0.0, 1.8, 15.6, 42.2, 35.5, 33.3, 56.2]",67.1,,,72,True,-2,10460,conhost.exe,0.0,0.04107999152209856
2025-09-12 09:04:12,29.6,"[23.9, 0.0, 25.7, 0.0, 34.4, 0.0, 1.6, 35.9, 9.5, 0.0, 1.8, 15.6, 42.2, 35.5, 33.3, 56.2]",67.1,,,72,True,-2,10464,uihost.exe,0.0,0.2353733162417288
2025-09-12 09:04:12,29.6,"[23.9, 0.0, 25.7, 0.0, 34.4, 0.0, 1.6, 35.9, 9.5, 0.0, 1.8, 15.6, 42.2, 35.5, 33.3, 56.2]",67.1,,,72,True,-2,10740,conhost.exe,0.0,0.06453002210171445
2025-09-12 09:04:12,29.6,"[23.9, 0.0, 25.7, 0.0, 34.4, 0.0, 1.6, 35.9, 9.5, 0.0, 1.8, 15.6, 42.2, 35.5, 33.3, 56.2]",67.1,,,72,True,-2,10800,svchost.exe,0.0,0.08048671302352133
2025-09-12 09:04:12,29.6,"[23.9, 0.0, 25.7, 0.0, 34.4, 0.0, 1.6, 35.9, 9.5, 0.0, 1.8, 15.6, 42.2, 35.5, 33.3, 56.2]",67.1,,,72,True,-2,10928,msedgewebview2.exe,0.0,0.2412903870394809
2025-09-12 09:04:12,29.6,"[23.9, 0.0, 25.7, 0.0, 34.4, 0.0, 1.6, 35.9, 9.5, 0.0, 1.8, 15.6, 42.2, 35.5, 33.3, 56.2]",67.1,,,72,True,-2,11036,AggregatorHost.exe,0.0,0.07398763526205591
2025-09-12 09:04:12,29.6,"[23.9, 0.0, 25.7, 0.0, 34.4, 0.0, 1.6, 35.9, 9.5, 0.0, 1.8, 15.6, 42.2, 35.5, 33.3, 56.2]",67.1,,,72,True,-2,11124,svchost.exe,0.0,0.03579342826836923
2025-09-12 09:04:12,29.6,"[23.9, 0.0, 25.7, 0.0, 34.4, 0.0, 1.6, 35.9, 9.5, 0.0, 1.8, 15.6, 42.2, 35.5, 33.3, 56.2]",67.1,,,72,True,-2,11164,svchost.exe,0.0,0.09998394630791757
2025-09-12 09:04:12,29.6,"[23.9, 0.0, 25.7, 0.0, 34.4, 0.0, 1.6, 35.9, 9.5, 0.0, 1.8, 15.6, 42.2, 35.5, 33.3, 56.2]",67.1,,,72,True,-2,11332,msedgewebview2.exe,0.0,0.03407165766738399
2025-09-12 09:04:12,29.6,"[23.9, 0.0, 25.7, 0.0, 34.4, 0.0, 1.6, 35.9, 9.5, 0.0, 1.8, 15.6, 42.2, 35.5, 33.3, 56.2]",67.1,,,72,True,-2,11336,conhost.exe,0.0,0.04377177372927267
2025-09-12 09:04:12,29.6,"[23.9, 0.0, 25.7, 0.0, 34.4, 0.0, 1.6, 35.9, 9.5, 0.0, 1.8, 15.6, 42.2, 35.5, 33.3, 56.2]",67.1,,,72,True,-2,11376,BraveCrashHandler64.exe,0.0,0.010742878538541714
2025-09-12 09:04:12,29.6,"[23.9, 0.0, 25.7, 0.0, 34.4, 0.0, 1.6, 35.9, 9.5, 0.0, 1.8, 15.6, 42.2, 35.5, 33.3, 56.2]",67.1,,,72,True,-2,11428,svchost.exe,0.0,0.14176719624450307
2025-09-12 09:04:12,29.6,"[23.9, 0.0, 25.7, 0.0, 34.4, 0.0, 1.6, 35.9, 9.5, 0.0, 1.8, 15.6, 42.2, 35.5, 33.3, 56.2]",67.1,,,72,True,-2,11488,svchost.exe,0.0,0.055727166775550466
2025-09-12 09:04:12,29.6,"[23.9, 0.0, 25.7, 0.0, 34.4, 0.0, 1.6, 35.9, 9.5, 0.0, 1.8, 15.6, 42.2, 35.5, 33.3, 56.2]",67.1,,,72,True,-2,11528,Code.exe,0.0,4.601492556858442
2025-09-12 09:04:12,29.6,"[23.9, 0.0, 25.7, 0.0, 34.4, 0.0, 1.6, 35.9, 9.5, 0.0, 1.8, 15.6, 42.2, 35.5, 33.3, 56.2]",67.1,,,72,True,-2,11572,RuntimeBroker.exe,0.0,0.16444121753916788
2025-09-12 09:04:12,29.6,"[23.9, 0.0, 25.7, 0.0, 34.4, 0.0, 1.6, 35.9, 9.5, 0.0, 1.8, 15.6, 42.2, 35.5, 33.3, 56.2]",67.1,,,72,True,-2,11768,msedgewebview2.exe,0.0,0.48369628742607906
2025-09-12 09:04:12,29.6,"[23.9, 0.0, 25.7, 0.0, 34.4, 0.0, 1.6, 35.9, 9.5, 0.0, 1.8, 15.6, 42.2, 35.5, 33.3, 56.2]",67.1,,,72,True,-2,11848,PresentMonService.exe,0.0,0.049034086692847284
2025-09-12 09:04:12,29.6,"[23.9, 0.0, 25.7, 0.0, 34.4, 0.0, 1.6, 35.9, 9.5, 0.0, 1.8, 15.6, 42.2, 35.5, 33.3, 56.2]",67.1,,,72,True,-2,11944,svchost.exe,0.0,0.11882642175813633
2025-09-12 09:04:12,29.6,"[23.9, 0.0, 25.7, 0.0, 34.4, 0.0, 1.6, 35.9, 9.5, 0.0, 1.8, 15.6, 42.2, 35.5, 33.3, 56.2]",67.1,,,72,True,-2,12164,fontdrvhost.exe,0.0,0.04801557450634897
2025-09-12 09:04:12,29.6,"[23.9, 0.0, 25.7, 0.0, 34.4, 0.0, 1.6, 35.9, 9.5, 0.0, 1.8, 15.6, 42.2, 35.5, 33.3, 56.2]",67.1,,,72,True,-2,12372,svchost.exe,0.0,0.07949245112717773
2025-09-12 09:04:12,29.6,"[23.9, 0.0, 25.7, 0.0, 34.4, 0.0, 1.6, 35.9, 9.5, 0.0, 1.8, 15.6, 42.2, 35.5, 33.3, 56.2]",67.1,,,72,True,-2,12436,msedgewebview2.exe,0.0,0.017072204268924078
2025-09-12 09:04:12,29.6,"[23.9, 0.0, 25.7, 0.0, 34.4, 0.0, 1.6, 35.9, 9.5, 0.0, 1.8, 15.6, 42.2, 35.5, 33.3, 56.2]",67.1,,,72,True,-2,12580,LenovoVantage-(GenericMessagingAddin).exe,0.0,0.04202575283813271
2025-09-12 09:04:12,29.6,"[23.9, 0.0, 25.7, 0.0, 34.4, 0.0, 1.6, 35.9, 9.5, 0.0, 1.8, 15.6, 42.2, 35.5, 33.3, 56.2]",67.1,,,72,True,-2,12592,chrome.exe,0.0,0.5496570766469221
2025-09-12 09:04:12,29.6,"[23.9, 0.0, 25.7, 0.0, 34.4, 0.0, 1.6, 35.9, 9.5, 0.0, 1.8, 15.6, 42.2, 35.5, 33.3, 56.2]",67.1,,,72,True,-2,12608,Code.exe,0.0,0.9437727922414593
2025-09-12 09:04:12,29.6,"[23.9, 0.0, 25.7, 0.0, 34.4, 0.0, 1.6, 35.9, 9.5, 0.0, 1.8, 15.6, 42.2, 35.5, 33.3, 56.2]",67.1,,,72,True,-2,12684,RuntimeBroker.exe,0.0,0.13170332583029357
2025-09-12 09:04:12,29.6,"[23.9, 0.0, 25.7, 0.0, 34.4, 0.0, 1.6, 35.9, 9.5, 0.0, 1.8, 15.6, 42.2, 35.5, 33.3, 56.2]",67.1,,,72,True,-2,12720,GameBarFTServer.exe,0.0,0.1354378705141207
2025-09-12 09:04:12,29.6,"[23.9, 0.0, 25.7, 0.0, 34.4, 0.0, 1.6, 35.9, 9.5, 0.0, 1.8, 15.6, 42.2, 35.5, 33.3, 56.2]",67.1,,,72,True,-2,12752,Code.exe,0.0,0.7206458725278647
2025-09-12 09:04:12,29.6,"[23.9, 0.0, 25.7, 0.0, 34.4, 0.0, 1.6, 35.9, 9.5, 0.0, 1.8, 15.6, 42.2, 35.5, 33.3, 56.2]",67.1,,,72,True,-2,12760,NVIDIA Web Helper.exe,0.0,0.07922569793547579
2025-09-12 09:04:12,29.6,"[23.9, 0.0, 25.7, 0.0, 34.4, 0.0, 1.6, 35.9, 9.5, 0.0, 1.8, 15.6, 42.2, 35.5, 33.3, 56.2]",67.1,,,72,True,-2,12784,svchost.exe,0.0,0.07085934783209681
2025-09-12 09:04:12,29.6,"[23.9, 0.0, 25.7, 0.0, 34.4, 0.0, 1.6, 35.9, 9.5, 0.0, 1.8, 15.6, 42.2, 35.5, 33.3, 56.2]",67.1,,,72,True,-2,12888,conhost.exe,0.0,0.06867682171817185
2025-09-12 09:04:12,29.6,"[23.9, 0.0, 25.7, 0.0, 34.4, 0.0, 1.6, 35.9, 9.5, 0.0, 1.8, 15.6, 42.2, 35.5, 33.3, 56.2]",67.1,,,72,True,-2,12996,svchost.exe,0.0,0.07549115325164865
2025-09-12 09:04:12,29.6,"[23.9, 0.0, 25.7, 0.0, 34.4, 0.0, 1.6, 35.9, 9.5, 0.0, 1.8, 15.6, 42.2, 35.5, 33.3, 56.2]",67.1,,,72,True,-2,13116,conhost.exe,0.0,0.06688230024672245
2025-09-12 09:04:12,29.6,"[23.9, 0.0, 25.7, 0.0, 34.4, 0.0, 1.6, 35.9, 9.5, 0.0, 1.8, 15.6, 42.2, 35.5, 33.3, 56.2]",67.1,,,72,True,-2,13308,RuntimeBroker.exe,0.0,0.07170810798751207
2025-09-12 09:04:12,29.6,"[23.9, 0.0, 25.7, 0.0, 34.4, 0.0, 1.6, 35.9, 9.5, 0.0, 1.8, 15.6, 42.2, 35.5, 33.3, 56.2]",67.1,,,72,True,-2,13360,WmiApSrv.exe,0.0,0.04139524529410994
2025-09-12 09:04:12,29.6,"[23.9, 0.0, 25.7, 0.0, 34.4, 0.0, 1.6, 35.9, 9.5, 0.0, 1.8, 15.6, 42.2, 35.5, 33.3, 56.2]",67.1,,,72,True,-2,13548,svchost.exe,0.0,0.05626067315895435
2025-09-12 09:04:12,29.6,"[23.9, 0.0, 25.7, 0.0, 34.4, 0.0, 1.6, 35.9, 9.5, 0.0, 1.8, 15.6, 42.2, 35.5, 33.3, 56.2]",67.1,,,72,True,-2,13652,svchost.exe,0.0,0.0695013315834324
2025-09-12 09:04:12,29.6,"[23.9, 0.0, 25.7, 0.0, 34.4, 0.0, 1.6, 35.9, 9.5, 0.0, 1.8, 15.6, 42.2, 35.5, 33.3, 56.2]",67.1,,,72,True,-2,13756,chrome.exe,0.0,2.7008033151116653
2025-09-12 09:04:12,29.6,"[23.9, 0.0, 25.7, 0.0, 34.4, 0.0, 1.6, 35.9, 9.5, 0.0, 1.8, 15.6, 42.2, 35.5, 33.3, 56.2]",67.1,,,72,True,-2,13868,Code.exe,0.0,0.6174851382096787
2025-09-12 09:04:12,29.6,"[23.9, 0.0, 25.7, 0.0, 34.4, 0.0, 1.6, 35.9, 9.5, 0.0, 1.8, 15.6, 42.2, 35.5, 33.3, 56.2]",67.1,,,72,True,-2,13920,FnHotkeyUtility.exe,0.0,0.37068993530507593
2025-09-12 09:04:12,29.6,"[23.9, 0.0, 25.7, 0.0, 34.4, 0.0, 1.6, 35.9, 9.5, 0.0, 1.8, 15.6, 42.2, 35.5, 33.3, 56.2]",67.1,,,72,True,-2,13984,conhost.exe,0.0,0.01040337447637561
2025-09-12 09:04:12,29.6,"[23.9, 0.0, 25.7, 0.0, 34.4, 0.0, 1.6, 35.9, 9.5, 0.0, 1.8, 15.6, 42.2, 35.5, 33.3, 56.2]",67.1,,,72,True,-2,14136,Code.exe,0.0,2.1590518330551824
2025-09-12 09:04:12,29.6,"[23.9, 0.0, 25.7, 0.0, 34.4, 0.0, 1.6, 35.9, 9.5, 0.0, 1.8, 15.6, 42.2, 35.5, 33.3, 56.2]",67.1,,,72,True,-2,14280,WhatsApp.exe,0.0,0.1357773745762868
2025-09-12 09:04:12,29.6,"[23.9, 0.0, 25.7, 0.0, 34.4, 0.0, 1.6, 35.9, 9.5, 0.0, 1.8, 15.6, 42.2, 35.5, 33.3, 56.2]",67.1,,,72,True,-2,14436,sihost.exe,0.0,0.3180183050890204
2025-09-12 09:04:12,29.6,"[23.9, 0.0, 25.7, 0.0, 34.4, 0.0, 1.6, 35.9, 9.5, 0.0, 1.8, 15.6, 42.2, 35.5, 33.3, 56.2]",67.1,,,72,True,-2,14480,EpicWebHelper.exe,0.0,0.36731914497356966
2025-09-12 09:04:12,29.6,"[23.9, 0.0, 25.7, 0.0, 34.4, 0.0, 1.6, 35.9, 9.5, 0.0, 1.8, 15.6, 42.2, 35.5, 33.3, 56.2]",67.1,,,72,True,-2,14556,CrossDeviceService.exe,0.0,0.48585456324984927
2025-09-12 09:04:12,29.6,"[23.9, 0.0, 25.7, 0.0, 34.4, 0.0, 1.6, 35.9, 9.5, 0.0, 1.8, 15.6, 42.2, 35.5, 33.3, 56.2]",67.1,,,72,True,-2,14960,OneDrive.exe,0.0,2.9364433845450963
2025-09-12 09:04:12,29.6,"[23.9, 0.0, 25.7, 0.0, 34.4, 0.0, 1.6, 35.9, 9.5, 0.0, 1.8, 15.6, 42.2, 35.5, 33.3, 56.2]",67.1,,,72,True,-2,15060,Copilot.exe,0.0,1.2649436350505934
2025-09-12 09:04:12,29.6,"[23.9, 0.0, 25.7, 0.0, 34.4, 0.0, 1.6, 35.9, 9.5, 0.0, 1.8, 15.6, 42.2, 35.5, 33.3, 56.2]",67.1,,,72,True,-2,15084,csrss.exe,0.0,0.04959184336640588
2025-09-12 09:04:12,29.6,"[23.9, 0.0, 25.7, 0.0, 34.4, 0.0, 1.6, 35.9, 9.5, 0.0, 1.8, 15.6, 42.2, 35.5, 33.3, 56.2]",67.1,,,72,True,-2,15136,SystemSettings.exe,0.0,0.7748937716039772
2025-09-12 09:04:12,29.6,"[23.9, 0.0, 25.7, 0.0, 34.4, 0.0, 1.6, 35.9, 9.5, 0.0, 1.8, 15.6, 42.2, 35.5, 33.3, 56.2]",67.1,,,72,True,-2,15216,chrome.exe,0.0,0.3846823527243503
2025-09-12 09:04:12,29.6,"[23.9, 0.0, 25.7, 0.0, 34.4, 0.0, 1.6, 35.9, 9.5, 0.0, 1.8, 15.6, 42.2, 35.5, 33.3, 56.2]",67.1,,,72,True,-2,15220,Code.exe,0.0,0.32997369813529814
2025-09-12 09:04:12,29.6,"[23.9, 0.0, 25.7, 0.0, 34.4, 0.0, 1.6, 35.9, 9.5, 0.0, 1.8, 15.6, 42.2, 35.5, 33.3, 56.2]",67.1,,,72,True,-2,15280,RtkAudUService64.exe,0.0,0.11269109834899174
2025-09-12 09:04:12,29.6,"[23.9, 0.0, 25.7, 0.0, 34.4, 0.0, 1.6, 35.9, 9.5, 0.0, 1.8, 15.6, 42.2, 35.5, 33.3, 56.2]",67.1,,,72,True,-2,15296,msedge.exe,0.0,0.12173645657670294
2025-09-12 09:04:12,29.6,"[23.9, 0.0, 25.7, 0.0, 34.4, 0.0, 1.6, 35.9, 9.5, 0.0, 1.8, 15.6, 42.2, 35.5, 33.3, 56.2]",67.1,,,72,True,-2,15380,chrome.exe,0.0,1.5925893053310385
2025-09-12 09:04:12,29.6,"[23.9, 0.0, 25.7, 0.0, 34.4, 0.0, 1.6, 35.9, 9.5, 0.0, 1.8, 15.6, 42.2, 35.5, 33.3, 56.2]",67.1,,,72,True,-2,15632,mc-extn-browserhost.exe,0.0,0.11550413200693947
2025-09-12 09:04:12,29.6,"[23.9, 0.0, 25.7, 0.0, 34.4, 0.0, 1.6, 35.9, 9.5, 0.0, 1.8, 15.6, 42.2, 35.5, 33.3, 56.2]",67.1,,,72,True,-2,15672,LenovoVantage-(VantageCoreAddin).exe,0.0,0.034896167532644524
2025-09-12 09:04:12,29.6,"[23.9, 0.0, 25.7, 0.0, 34.4, 0.0, 1.6, 35.9, 9.5, 0.0, 1.8, 15.6, 42.2, 35.5, 33.3, 56.2]",67.1,,,72,True,-2,15720,svchost.exe,0.0,0.06899207549018324
2025-09-12 09:04:12,29.6,"[23.9, 0.0, 25.7, 0.0, 34.4, 0.0, 1.6, 35.9, 9.5, 0.0, 1.8, 15.6, 42.2, 35.5, 33.3, 56.2]",67.1,,,72,True,-2,15728,svchost.exe,0.0,0.16189493707292207
2025-09-12 09:04:12,29.6,"[23.9, 0.0, 25.7, 0.0, 34.4, 0.0, 1.6, 35.9, 9.5, 0.0, 1.8, 15.6, 42.2, 35.5, 33.3, 56.2]",67.1,,,72,True,-2,15776,svchost.exe,0.0,0.03947947237188693
2025-09-12 09:04:12,29.6,"[23.9, 0.0, 25.7, 0.0, 34.4, 0.0, 1.6, 35.9, 9.5, 0.0, 1.8, 15.6, 42.2, 35.5, 33.3, 56.2]",67.1,,,72,True,-2,15832,mc-fw-host.exe,0.0,0.18148917151793723
2025-09-12 09:04:12,29.6,"[23.9, 0.0, 25.7, 0.0, 34.4, 0.0, 1.6, 35.9, 9.5, 0.0, 1.8, 15.6, 42.2, 35.5, 33.3, 56.2]",67.1,,,72,True,-2,16360,python.exe,0.0,0.1120848410951237
2025-09-12 09:04:12,29.6,"[23.9, 0.0, 25.7, 0.0, 34.4, 0.0, 1.6, 35.9, 9.5, 0.0, 1.8, 15.6, 42.2, 35.5, 33.3, 56.2]",67.1,,,72,True,-2,16436,msedgewebview2.exe,0.0,0.6531573150272743
2025-09-12 09:04:12,29.6,"[23.9, 0.0, 25.7, 0.0, 34.4, 0.0, 1.6, 35.9, 9.5, 0.0, 1.8, 15.6, 42.2, 35.5, 33.3, 56.2]",67.1,,,72,True,-2,16484,LenovoVantage-(LenovoGamingSystemAddin).exe,0.0,0.06741580663012633
2025-09-12 09:04:12,29.6,"[23.9, 0.0, 25.7, 0.0, 34.4, 0.0, 1.6, 35.9, 9.5, 0.0, 1.8, 15.6, 42.2, 35.5, 33.3, 56.2]",67.1,,,72,True,-2,16496,RuntimeBroker.exe,0.0,0.41227918292042365
2025-09-12 09:04:12,29.6,"[23.9, 0.0, 25.7, 0.0, 34.4, 0.0, 1.6, 35.9, 9.5, 0.0, 1.8, 15.6, 42.2, 35.5, 33.3, 56.2]",67.1,,,72,True,-2,16800,conhost.exe,0.0,0.03630268436161839
2025-09-12 09:04:12,29.6,"[23.9, 0.0, 25.7, 0.0, 34.4, 0.0, 1.6, 35.9, 9.5, 0.0, 1.8, 15.6, 42.2, 35.5, 33.3, 56.2]",67.1,,,72,True,-2,16864,postgres.exe,0.0,0.046245303325054284
2025-09-12 09:04:12,29.6,"[23.9, 0.0, 25.7, 0.0, 34.4, 0.0, 1.6, 35.9, 9.5, 0.0, 1.8, 15.6, 42.2, 35.5, 33.3, 56.2]",67.1,,,72,True,-2,16876,conhost.exe,0.0,0.023644032900853658
2025-09-12 09:04:12,29.6,"[23.9, 0.0, 25.7, 0.0, 34.4, 0.0, 1.6, 35.9, 9.5, 0.0, 1.8, 15.6, 42.2, 35.5, 33.3, 56.2]",67.1,,,72,True,-2,16896,postgres.exe,0.0,0.0606742259671137
2025-09-12 09:04:12,29.6,"[23.9, 0.0, 25.7, 0.0, 34.4, 0.0, 1.6, 35.9, 9.5, 0.0, 1.8, 15.6, 42.2, 35.5, 33.3, 56.2]",67.1,,,72,True,-2,16944,postgres.exe,0.0,0.04680305999861288
2025-09-12 09:04:12,29.6,"[23.9, 0.0, 25.7, 0.0, 34.4, 0.0, 1.6, 35.9, 9.5, 0.0, 1.8, 15.6, 42.2, 35.5, 33.3, 56.2]",67.1,,,72,True,-2,16956,postgres.exe,0.0,0.045736047231805126
2025-09-12 09:04:12,29.6,"[23.9, 0.0, 25.7, 0.0, 34.4, 0.0, 1.6, 35.9, 9.5, 0.0, 1.8, 15.6, 42.2, 35.5, 33.3, 56.2]",67.1,,,72,True,-2,16960,BraveCrashHandler.exe,0.0,0.012416148559217511
2025-09-12 09:04:12,29.6,"[23.9, 0.0, 25.7, 0.0, 34.4, 0.0, 1.6, 35.9, 9.5, 0.0, 1.8, 15.6, 42.2, 35.5, 33.3, 56.2]",67.1,,,72,True,-2,17152,postgres.exe,0.0,0.04365052227849906
2025-09-12 09:04:12,29.6,"[23.9, 0.0, 25.7, 0.0, 34.4, 0.0, 1.6, 35.9, 9.5, 0.0, 1.8, 15.6, 42.2, 35.5, 33.3, 56.2]",67.1,,,72,True,-2,17160,svchost.exe,0.0,0.052429127314508314
2025-09-12 09:04:12,29.6,"[23.9, 0.0, 25.7, 0.0, 34.4, 0.0, 1.6, 35.9, 9.5, 0.0, 1.8, 15.6, 42.2, 35.5, 33.3, 56.2]",67.1,,,72,True,-2,17208,ShellExperienceHost.exe,0.0,0.4715468920585635
2025-09-12 09:04:12,29.6,"[23.9, 0.0, 25.7, 0.0, 34.4, 0.0, 1.6, 35.9, 9.5, 0.0, 1.8, 15.6, 42.2, 35.5, 33.3, 56.2]",67.1,,,72,True,-2,17348,FileSyncHelper.exe,0.0,0.13158207437951996
2025-09-12 09:04:12,29.6,"[23.9, 0.0, 25.7, 0.0, 34.4, 0.0, 1.6, 35.9, 9.5, 0.0, 1.8, 15.6, 42.2, 35.5, 33.3, 56.2]",67.1,,,72,True,-2,17592,Code.exe,0.0,0.660238399752453
2025-09-12 09:04:12,29.6,"[23.9, 0.0, 25.7, 0.0, 34.4, 0.0, 1.6, 35.9, 9.5, 0.0, 1.8, 15.6, 42.2, 35.5, 33.3, 56.2]",67.1,,,72,True,-2,17616,SecurityHealthService.exe,0.0,0.19145604077152784
2025-09-12 09:04:12,29.6,"[23.9, 0.0, 25.7, 0.0, 34.4, 0.0, 1.6, 35.9, 9.5, 0.0, 1.8, 15.6, 42.2, 35.5, 33.3, 56.2]",67.1,,,72,True,-2,17788,RuntimeBroker.exe,0.0,0.08628253237049982
2025-09-12 09:04:12,29.6,"[23.9, 0.0, 25.7, 0.0, 34.4, 0.0, 1.6, 35.9, 9.5, 0.0, 1.8, 15.6, 42.2, 35.5, 33.3, 56.2]",67.1,,,72,True,-2,18032,svchost.exe,0.0,0.1926685552792639
2025-09-12 09:04:12,29.6,"[23.9, 0.0, 25.7, 0.0, 34.4, 0.0, 1.6, 35.9, 9.5, 0.0, 1.8, 15.6, 42.2, 35.5, 33.3, 56.2]",67.1,,,72,True,-2,18280,ctfmon.exe,0.0,0.2343305537650758
2025-09-12 09:04:12,29.6,"[23.9, 0.0, 25.7, 0.0, 34.4, 0.0, 1.6, 35.9, 9.5, 0.0, 1.8, 15.6, 42.2, 35.5, 33.3, 56.2]",67.1,,,72,True,-2,18292,svchost.exe,0.0,0.07304187394602175
2025-09-12 09:04:12,29.6,"[23.9, 0.0, 25.7, 0.0, 34.4, 0.0, 1.6, 35.9, 9.5, 0.0, 1.8, 15.6, 42.2, 35.5, 33.3, 56.2]",67.1,,,72,True,-2,18396,svchost.exe,0.0,0.11254559660806342
2025-09-12 09:04:12,29.6,"[23.9, 0.0, 25.7, 0.0, 34.4, 0.0, 1.6, 35.9, 9.5, 0.0, 1.8, 15.6, 42.2, 35.5, 33.3, 56.2]",67.1,,,72,True,-2,18524,msedgewebview2.exe,0.0,0.13366759933282601
2025-09-12 09:04:12,29.6,"[23.9, 0.0, 25.7, 0.0, 34.4, 0.0, 1.6, 35.9, 9.5, 0.0, 1.8, 15.6, 42.2, 35.5, 33.3, 56.2]",67.1,,,72,True,-2,18664,GameBar.exe,0.0,0.5895245536612845
2025-09-12 09:04:12,29.6,"[23.9, 0.0, 25.7, 0.0, 34.4, 0.0, 1.6, 35.9, 9.5, 0.0, 1.8, 15.6, 42.2, 35.5, 33.3, 56.2]",67.1,,,72,True,-2,18764,msedgewebview2.exe,0.0,0.016271944693818263
2025-09-12 09:04:12,29.6,"[23.9, 0.0, 25.7, 0.0, 34.4, 0.0, 1.6, 35.9, 9.5, 0.0, 1.8, 15.6, 42.2, 35.5, 33.3, 56.2]",67.1,,,72,True,-2,18796,NahimicSvc64.exe,0.0,0.1258105053226962
2025-09-12 09:04:12,29.6,"[23.9, 0.0, 25.7, 0.0, 34.4, 0.0, 1.6, 35.9, 9.5, 0.0, 1.8, 15.6, 42.2, 35.5, 33.3, 56.2]",67.1,,,72,True,-2,18824,svchost.exe,0.0,0.15709337962228717
2025-09-12 09:04:12,29.6,"[23.9, 0.0, 25.7, 0.0, 34.4, 0.0, 1.6, 35.9, 9.5, 0.0, 1.8, 15.6, 42.2, 35.5, 33.3, 56.2]",67.1,,,72,True,-2,18848,SearchHost.exe,0.0,1.0140743833999974
2025-09-12 09:04:12,29.6,"[23.9, 0.0, 25.7, 0.0, 34.4, 0.0, 1.6, 35.9, 9.5, 0.0, 1.8, 15.6, 42.2, 35.5, 33.3, 56.2]",67.1,,,72,True,-2,18932,StartMenuExperienceHost.exe,0.0,1.0135166267264386
2025-09-12 09:04:12,29.6,"[23.9, 0.0, 25.7, 0.0, 34.4, 0.0, 1.6, 35.9, 9.5, 0.0, 1.8, 15.6, 42.2, 35.5, 33.3, 56.2]",67.1,,,72,True,-2,18968,NahimicSvc32.exe,0.0,0.037733451480746964
2025-09-12 09:04:12,29.6,"[23.9, 0.0, 25.7, 0.0, 34.4, 0.0, 1.6, 35.9, 9.5, 0.0, 1.8, 15.6, 42.2, 35.5, 33.3, 56.2]",67.1,,,72,True,-2,19224,NisSrv.exe,0.0,0.061595736992993116
2025-09-12 09:04:12,29.6,"[23.9, 0.0, 25.7, 0.0, 34.4, 0.0, 1.6, 35.9, 9.5, 0.0, 1.8, 15.6, 42.2, 35.5, 33.3, 56.2]",67.1,,,72,True,-2,19388,ONENOTEM.EXE,0.0,0.03300464490057623
2025-09-12 09:04:12,29.6,"[23.9, 0.0, 25.7, 0.0, 34.4, 0.0, 1.6, 35.9, 9.5, 0.0, 1.8, 15.6, 42.2, 35.5, 33.3, 56.2]",67.1,,,72,True,-2,19808,ShellHost.exe,0.0,0.4079141306925737
2025-09-12 09:04:12,29.6,"[23.9, 0.0, 25.7, 0.0, 34.4, 0.0, 1.6, 35.9, 9.5, 0.0, 1.8, 15.6, 42.2, 35.5, 33.3, 56.2]",67.1,,,72,True,-2,19844,msedgewebview2.exe,0.0,0.029003347025047158
2025-09-12 09:04:12,29.6,"[23.9, 0.0, 25.7, 0.0, 34.4, 0.0, 1.6, 35.9, 9.5, 0.0, 1.8, 15.6, 42.2, 35.5, 33.3, 56.2]",67.1,,,72,True,-2,20144,WmiPrvSE.exe,0.0,0.0921753528780972
2025-09-12 09:04:12,29.6,"[23.9, 0.0, 25.7, 0.0, 34.4, 0.0, 1.6, 35.9, 9.5, 0.0, 1.8, 15.6, 42.2, 35.5, 33.3, 56.2]",67.1,,,72,True,-2,20260,powershell.exe,0.0,0.5667292809158462
2025-09-12 09:04:12,29.6,"[23.9, 0.0, 25.7, 0.0, 34.4, 0.0, 1.6, 35.9, 9.5, 0.0, 1.8, 15.6, 42.2, 35.5, 33.3, 56.2]",67.1,,,72,True,-2,20600,chrome.exe,0.0,1.7216008489541579
2025-09-12 09:04:12,29.6,"[23.9, 0.0, 25.7, 0.0, 34.4, 0.0, 1.6, 35.9, 9.5, 0.0, 1.8, 15.6, 42.2, 35.5, 33.3, 56.2]",67.1,,,72,True,-2,20760,conhost.exe,0.0,0.06685804995656773
2025-09-12 09:04:12,29.6,"[23.9, 0.0, 25.7, 0.0, 34.4, 0.0, 1.6, 35.9, 9.5, 0.0, 1.8, 15.6, 42.2, 35.5, 33.3, 56.2]",67.1,,,72,True,-2,20884,java.exe,0.0,0.9165639666878614
2025-09-12 09:04:12,29.6,"[23.9, 0.0, 25.7, 0.0, 34.4, 0.0, 1.6, 35.9, 9.5, 0.0, 1.8, 15.6, 42.2, 35.5, 33.3, 56.2]",67.1,,,72,True,-2,21048,UserOOBEBroker.exe,0.0,0.06967108361451545
2025-09-12 09:04:12,29.6,"[23.9, 0.0, 25.7, 0.0, 34.4, 0.0, 1.6, 35.9, 9.5, 0.0, 1.8, 15.6, 42.2, 35.5, 33.3, 56.2]",67.1,,,72,True,-2,21068,powershell.exe,0.0,0.5279045663781368
2025-09-12 09:04:12,29.6,"[23.9, 0.0, 25.7, 0.0, 34.4, 0.0, 1.6, 35.9, 9.5, 0.0, 1.8, 15.6, 42.2, 35.5, 33.3, 56.2]",67.1,,,72,True,-2,21392,conhost.exe,0.0,0.0650392781949636
2025-09-12 09:04:12,29.6,"[23.9, 0.0, 25.7, 0.0, 34.4, 0.0, 1.6, 35.9, 9.5, 0.0, 1.8, 15.6, 42.2, 35.5, 33.3, 56.2]",67.1,,,72,True,-2,21864,AppProvisioningPlugin.exe,0.0,0.16344695564282427
2025-09-12 09:04:12,29.6,"[23.9, 0.0, 25.7, 0.0, 34.4, 0.0, 1.6, 35.9, 9.5, 0.0, 1.8, 15.6, 42.2, 35.5, 33.3, 56.2]",67.1,,,72,True,-2,21924,SecurityHealthSystray.exe,0.0,0.08451226118920513
2025-09-12 09:04:12,29.6,"[23.9, 0.0, 25.7, 0.0, 34.4, 0.0, 1.6, 35.9, 9.5, 0.0, 1.8, 15.6, 42.2, 35.5, 33.3, 56.2]",67.1,,,72,True,-2,22444,chrome.exe,0.0,0.3179213039284015
2025-09-12 09:04:12,29.6,"[23.9, 0.0, 25.7, 0.0, 34.4, 0.0, 1.6, 35.9, 9.5, 0.0, 1.8, 15.6, 42.2, 35.5, 33.3, 56.2]",67.1,,,72,True,-2,22612,ApplicationFrameHost.exe,0.0,0.4370144788782398
2025-09-12 09:04:12,29.6,"[23.9, 0.0, 25.7, 0.0, 34.4, 0.0, 1.6, 35.9, 9.5, 0.0, 1.8, 15.6, 42.2, 35.5, 33.3, 56.2]",67.1,,,72,True,-2,22684,explorer.exe,0.0,1.5261920108874103
2025-09-12 09:04:12,29.6,"[23.9, 0.0, 25.7, 0.0, 34.4, 0.0, 1.6, 35.9, 9.5, 0.0, 1.8, 15.6, 42.2, 35.5, 33.3, 56.2]",67.1,,,72,True,-2,22848,chrome.exe,0.0,0.4753299373227
2025-09-12 09:04:12,29.6,"[23.9, 0.0, 25.7, 0.0, 34.4, 0.0, 1.6, 35.9, 9.5, 0.0, 1.8, 15.6, 42.2, 35.5, 33.3, 56.2]",67.1,,,72,True,-2,22880,FnHotkeyCapsLKNumLK.exe,0.0,0.1294237985557497
2025-09-12 09:04:12,29.6,"[23.9, 0.0, 25.7, 0.0, 34.4, 0.0, 1.6, 35.9, 9.5, 0.0, 1.8, 15.6, 42.2, 35.5, 33.3, 56.2]",67.1,,,72,True,-2,22940,dwm.exe,0.0,1.0012702301983043
2025-09-12 09:04:12,29.6,"[23.9, 0.0, 25.7, 0.0, 34.4, 0.0, 1.6, 35.9, 9.5, 0.0, 1.8, 15.6, 42.2, 35.5, 33.3, 56.2]",67.1,,,72,True,-2,23100,msedgewebview2.exe,0.0,0.12081494555082352
2025-09-12 09:04:12,29.6,"[23.9, 0.0, 25.7, 0.0, 34.4, 0.0, 1.6, 35.9, 9.5, 0.0, 1.8, 15.6, 42.2, 35.5, 33.3, 56.2]",67.1,,,72,True,-2,23872,svchost.exe,0.0,0.03952797295219637
2025-09-12 09:04:12,29.6,"[23.9, 0.0, 25.7, 0.0, 34.4, 0.0, 1.6, 35.9, 9.5, 0.0, 1.8, 15.6, 42.2, 35.5, 33.3, 56.2]",67.1,,,72,True,-2,24012,cmd.exe,0.0,0.038533711055852786
2025-09-12 09:04:12,29.6,"[23.9, 0.0, 25.7, 0.0, 34.4, 0.0, 1.6, 35.9, 9.5, 0.0, 1.8, 15.6, 42.2, 35.5, 33.3, 56.2]",67.1,,,72,True,-2,24132,backgroundTaskHost.exe,0.0,0.4692431144938649
2025-09-12 09:04:12,29.6,"[23.9, 0.0, 25.7, 0.0, 34.4, 0.0, 1.6, 35.9, 9.5, 0.0, 1.8, 15.6, 42.2, 35.5, 33.3, 56.2]",67.1,,,72,True,-2,24152,nahimicNotifSys.exe,0.0,0.36479711479747856
2025-09-12 09:04:12,29.6,"[23.9, 0.0, 25.7, 0.0, 34.4, 0.0, 1.6, 35.9, 9.5, 0.0, 1.8, 15.6, 42.2, 35.5, 33.3, 56.2]",67.1,,,72,True,-2,24460,NVDisplay.Container.exe,0.0,0.3267484095447202
2025-09-12 09:04:12,29.6,"[23.9, 0.0, 25.7, 0.0, 34.4, 0.0, 1.6, 35.9, 9.5, 0.0, 1.8, 15.6, 42.2, 35.5, 33.3, 56.2]",67.1,,,72,True,-2,24504,msedgewebview2.exe,0.0,0.09333936680552384
2025-09-12 09:04:12,29.6,"[23.9, 0.0, 25.7, 0.0, 34.4, 0.0, 1.6, 35.9, 9.5, 0.0, 1.8, 15.6, 42.2, 35.5, 33.3, 56.2]",67.1,,,72,True,-2,24512,Code.exe,0.0,0.7858064021736021
2025-09-12 09:04:12,29.6,"[23.9, 0.0, 25.7, 0.0, 34.4, 0.0, 1.6, 35.9, 9.5, 0.0, 1.8, 15.6, 42.2, 35.5, 33.3, 56.2]",67.1,,,72,True,-2,24580,msedgewebview2.exe,0.0,0.04626955361520901
2025-09-12 09:04:12,29.6,"[23.9, 0.0, 25.7, 0.0, 34.4, 0.0, 1.6, 35.9, 9.5, 0.0, 1.8, 15.6, 42.2, 35.5, 33.3, 56.2]",67.1,,,72,True,-2,24632,WidgetService.exe,0.0,0.21068652086422215
2025-09-12 09:04:12,29.6,"[23.9, 0.0, 25.7, 0.0, 34.4, 0.0, 1.6, 35.9, 9.5, 0.0, 1.8, 15.6, 42.2, 35.5, 33.3, 56.2]",67.1,,,72,True,-2,24700,msedgewebview2.exe,0.0,0.05065885613321364
2025-09-12 09:04:12,29.6,"[23.9, 0.0, 25.7, 0.0, 34.4, 0.0, 1.6, 35.9, 9.5, 0.0, 1.8, 15.6, 42.2, 35.5, 33.3, 56.2]",67.1,,,72,True,-2,24724,Code.exe,0.0,2.645318651237662
2025-09-12 09:04:12,29.6,"[23.9, 0.0, 25.7, 0.0, 34.4, 0.0, 1.6, 35.9, 9.5, 0.0, 1.8, 15.6, 42.2, 35.5, 33.3, 56.2]",67.1,,,72,True,-2,24768,RuntimeBroker.exe,0.0,0.08676753817359426
2025-09-12 09:04:12,29.6,"[23.9, 0.0, 25.7, 0.0, 34.4, 0.0, 1.6, 35.9, 9.5, 0.0, 1.8, 15.6, 42.2, 35.5, 33.3, 56.2]",67.1,,,72,True,-2,24944,jusched.exe,0.0,0.06203224221577811
2025-09-12 09:04:12,29.6,"[23.9, 0.0, 25.7, 0.0, 34.4, 0.0, 1.6, 35.9, 9.5, 0.0, 1.8, 15.6, 42.2, 35.5, 33.3, 56.2]",67.1,,,72,True,-2,24964,pet.exe,0.0,0.050246601200583364
2025-09-12 09:04:12,29.6,"[23.9, 0.0, 25.7, 0.0, 34.4, 0.0, 1.6, 35.9, 9.5, 0.0, 1.8, 15.6, 42.2, 35.5, 33.3, 56.2]",67.1,,,72,True,-2,25036,msedge.exe,0.0,0.8892823902637995
2025-09-12 09:04:12,29.6,"[23.9, 0.0, 25.7, 0.0, 34.4, 0.0, 1.6, 35.9, 9.5, 0.0, 1.8, 15.6, 42.2, 35.5, 33.3, 56.2]",67.1,,,72,True,-2,25072,msedge.exe,0.0,0.07132010334503652
2025-09-12 09:04:12,29.6,"[23.9, 0.0, 25.7, 0.0, 34.4, 0.0, 1.6, 35.9, 9.5, 0.0, 1.8, 15.6, 42.2, 35.5, 33.3, 56.2]",67.1,,,72,True,-2,25256,msedge.exe,0.0,0.3214860965811456
2025-09-12 09:04:12,29.6,"[23.9, 0.0, 25.7, 0.0, 34.4, 0.0, 1.6, 35.9, 9.5, 0.0, 1.8, 15.6, 42.2, 35.5, 33.3, 56.2]",67.1,,,72,True,-2,25264,msedge.exe,0.0,0.2912459847582076
2025-09-12 09:04:12,29.6,"[23.9, 0.0, 25.7, 0.0, 34.4, 0.0, 1.6, 35.9, 9.5, 0.0, 1.8, 15.6, 42.2, 35.5, 33.3, 56.2]",67.1,,,72,True,-2,25392,msedge.exe,0.0,0.12205171034871433
2025-09-12 09:04:12,29.6,"[23.9, 0.0, 25.7, 0.0, 34.4, 0.0, 1.6, 35.9, 9.5, 0.0, 1.8, 15.6, 42.2, 35.5, 33.3, 56.2]",67.1,,,72,True,-2,25808,svchost.exe,0.0,0.053981145884410504
2025-09-12 09:04:12,29.6,"[23.9, 0.0, 25.7, 0.0, 34.4, 0.0, 1.6, 35.9, 9.5, 0.0, 1.8, 15.6, 42.2, 35.5, 33.3, 56.2]",67.1,,,72,True,-2,26536,RuntimeBroker.exe,0.0,0.14399822293873746
